dir_id,movie_id
AA,AA13
AA,AA14
AA,AA16
AA,AA29
AA,AA37
AA,AA38
AA,AA41
AaB,AaB10
AAd,AAd10
AAh,AAh10
AAl,AAl6
AAl,AAl10
AAl,AAl20
AAn,AAn10
AAn,AAn12
AAn,AAn14
AAr,AAr10
AAr,AAr20
AAS,AAS10
AAt,AAt10
AB,AB2
AbA,AbA10
ABd,ABd4
ABe,ABe10
AbF,AbF10
AbF,AbF20
AbF,AbF25
AbF,AbF26
AbF,AbF27
AbH,AbH1
ABi,ABi10
ABi,ABi20
AbK,AbK15
ABl,ABl10
ABn,ABn1
ABo,ABo10
AbP,AbP10
AbP,AbP50
ABr,ABr1
ABr,ABr2
ABr,ABr3
ABr,ABr4
ABr,ABr7
ABr,ABr9
ABu,ABu10
ABW,ABW40
ABz,ABz10
AC,AC5
AC,AC6
AC,AC7
AC,AC8
AC,AC9
AC,AC20
ACa,ACa40
ACa,ACa50
ACa,ACa60
ACf,ACf10
AcG,AcG10
ACj,ACj110
ACj,ACj111
ACj,ACj112
ACj,ACj113
ACj,ACj114
ACj,ACj115
ACj,ACj116
ACj,ACj117
ACj,ACj118
ACj,ACj119
ACj,ACj120
ACj,ACj121
ACj,ACj122
ACj,ACj123
ACj,ACj124
ACj,ACj125
ACj,ACj126
ACj,ACj127
ACj,ACj128
ACl,ACl10
ACt,ACt10
ACu,ACu15
ACu,ACu20
ACu,ACu23
ACu,ACu27
ACv,ACv10
ACx,ACx10
ACx,ACx12
ACy,ACy10
ACy,ACy14
ACy,ACy20
ACy,ACy38
AD,AD40
ADA,ADA10
AdB,AdB21
ADg,ADg10
AdI,AdI15
AdL,AdL5
AdL,AdL6
AdL,AdL10
AdL,AdL14
AdL,AdL16
AdL,AdL20
AdL,AdL25
ADr,ADr10
ADT,ADT9
ADT,ADT12
ADT,ADT18
ADv,ADv10
ADv,ADv12
ADv,ADv14
ADv,ADv15
ADv,ADv17
ADv,ADv22
ADw,ADw5
ADw,ADw6
ADw,ADw17
ADw,ADw22
ADw,ADw27
ADw,ADw35
ADw,ADw40
ADw,ADw41
ADw,ADw45
ADw,ADw52
ADw,ADw60
ADw,ADw70
ADw,ADw72
ADw,ADw75
ADw,ADw78
ADw,ADw80
ADx,ADx1
ADx,ADx11
ADx,ADx12
ADx,ADx13
ADx,ADx14
ADx,ADx25
ADx,ADx30
ADx,ADx37
ADx,ADx39
ADx,ADx45
ADz,ADz10
ADz,ADz15
AEG,AEG25
AEG,AEG37
AEG,AEG41
AEG,AEG50
AEG,AEG60
AEG,AEG70
AES,AES10
AES,AES11
AES,AES70
AES,AES74
AES,AES80
AES,AES85
AES,AES90
AES,AES100
AEy,AEy2
AEy,AEy9
AEy,AEy12
AEy,AEy14
AEy,AEy16
AEy,AEy18
AfA,AfA10
AFl,AFl10
AHa,AHa10
AGi,AGi10
AHo,AHo1
AG,AG20
AG,AG30
AG,AG40
AG,AG70
AGe,AGe20
AgH,AgH1
AgH,AgH5
AgH,AgH10
AgH,AgH13
AgH,AgH15
AgH,AgH19
AMt,AMt10
AMt,AMt15
AGl,AGl10
AGl,AGl12
AGm,AGm10
AGr,AGr10
AGs,AGs10
AHb,AHb20
AHu,AHu1
AiE,AiE10
AII,AII1
AII,AII3
AiN,AiN10
AJa,AJa1
AJd,AJd10
AJG,AJG50
AJo,AJo10
AJP,AJP1
AJP,AJP2
AJP,AJP3
AJP,AJP5
AJP,AJP6
AJP,AJP7
AJP,AJP15
AJP,AJP25
AJP,AJP29
AJs,AJs1
AJy,AJy10
AK,AK50
AK,AK57
AK,AK59
AK,AK90
AKa,AKa5
AKa,AKa15
AKa,AKa20
AKe,AKe1
AKe,AKe5
AKj,AKj10
AKj,AKj11
AKj,AKj12
AKj,AKj13
AKj,AKj14
AKj,AKj15
AKj,AKj16
AKj,AKj17
AKj,AKj18
AKj,AKj19
AKj,AKj20
AKj,AKj21
AkK,AkK2
AkK,AkK7
AkK,AkK9
AkK,AkK11
AkK,AkK12
AkK,AkK14
AkK,AkK15
AkK,AkK20
AkK,AkK22
AkK,AkK23
AkK,AkK26
AkK,AkK27
AkK,AkK28
AkK,AkK29
AkK,AkK30
AkK,AkK31
AKl,AKl10
AKo,AKo10
AKo,AKo15
AkS,AkS10
AKu,AKu10
AL,AL8
AL,AL10
AL,AL11
AL,AL12
AL,AL13
AL,AL14
AL,AL16
AL,AL20
AL,AL21
AL,AL22
AL,AL26
AL,AL27
AlA,AlA10
AlA,AlA50
AlB,AlB10
AlC,AlC10
AlC,AlC14
AlC,AlC20
AlD,AlD10
ALe,ALe1
ALe,ALe2
ALe,ALe4
ALe,ALe7
AlG,AlG11
AlH,AlH8
AlH,AlH21
AlH,AlH24
AlH,AlH30
AlH,AlH38
ALi,ALi10
ALi,ALi15
AlJ,AlJ1
AlL,AlL3
AlM,AlM10
AlP,AlP15
AlR,AlR1
ALs,ALs10
AlT,AlT10
ALv,ALv10
ALv,ALv100
ALv,ALv101
AlW,AlW40
AlW,AlW60
AlZ,AlZ4
AlZ,AlZ5
AlZ,AlZ25
AM,AM12
AM,AM18
AM,AM20
AM,AM21
AM,AM23
AM,AM27
AM,AM29
AM,AM31
AM,AM35
AM,AM36
AMa,AMa10
AMa,AMa50
AMa,AMa56
AMa,AMa60
AMa,AMa61
AMa,AMa69
AMc,AMc15
AMD,AMD3
AMD,AMD10
AMD,AMD13
AMD,AMD16
AMe,AMe10
AMg,AMg7
AmH,AmH10
AmH,AmH13
AmH,AmH25
AMi,AMi10
AMi,AMi12
AMi,AMi15
AMi,AMi19
AMk,AMk10
AML,AML1
AmM,AmM10
AmN,AmN1
Amo,Amo13
AMp,AMp1
AMr,AMr10
AMr,AMr15
AMs,AMs25
AMy,AMy3
AMy,AMy10
AMy,AMy18
AMy,AMy20
AMz,AMz1
AMz,AMz5
AN,AN10
AnA,AnA10
AnB,AnB5
AnB,AnB10
AnB,AnB20
AnB,AnB24
AnB,AnB26
AnC,AnC10
AnD,AnD10
ANe,ANe10
ANi,ANi10
AnL,AnL5
AnL,AnL10
AnL,AnL12
AnL,AnL13
AnL,AnL15
AnM,AnM16
AnM,AnM17
AnM,AnM20
AnM,AnM22
AnM,AnM24
AnM,AnM25
AnM,AnM27
AnM,AnM28
AnM,AnM30
AnM,AnM32
AnM,AnM33
AnM,AnM34
AnM,AnM35
AnM,AnM37
AnM,AnM40
AnP,AnP7
AnP,AnP8
AnP,AnP18
AnQ,AnQ10
AnS,AnS1
AnS,AnS3
AnS,AnS15
AnS,AnS33
AnT,AnT5
AnT,AnT16
AnW,AnW10
AoS,AoS10
AOz,AOz10
APa,APa5
APa,APa6
APa,APa7
APa,APa12
APa,APa20
APa,APa24
APa,APa25
APa,APa30
APe,APe10
APl,APl10
APk,APk10
APo,APo10
APo,APo40
APo,APo43
APv,APv10
APy,APy10
APy,APy15
AR,AR4
AR,AR5
AR,AR8
AR,AR10
ARa,ARa10
ARb,ARb1
ArD,ArD10
ArF,ArF10
ARG,ARG2
ArH,ArH101
ArH,ArH102
ArH,ArH103
ArH,ArH104
ArH,ArH105
ArH,ArH106
ArH,ArH107
ArH,ArH108
ArH,ArH109
ArH,ArH110
ArH,ArH111
ArH,ArH112
ArH,ArH113
ArH,ArH114
ArH,ArH115
ArH,ArH116
ArH,ArH117
ArH,ArH118
ArH,ArH204
ArH,ArH205
ArH,ArH207
ArH,ArH208
ArH,ArH209
ArH,ArH210
ArH,ArH215
ArH,ArH216
ArH,ArH217
ArH,ArH218
ArH,ArH220
ArH,ArH225
ArH,ArH227
ArH,ArH230
ArH,ArH236
ArH,ArH240
ARi,Ari15
ARk,ARk10
ARk,ARk12
ArL,ArL17
ArL,ArL22
ArL,ArL26
ArL,ArL28
ArL,ArL29
ArL,ArL36
ArL,ArL39
ArL,ArL46
ArL,ArL48
ArL,ArL49
ArL,ArL51
ArL,ArL56
ArL,ArL58
ArL,ArL60
ArL,ArL61
ARm,ARm10
ArN,ArN10
ARo,ARo10
ArP,ArP1
ArP,ArP4
ArP,ArP5
ArP,ArP10
ArP,ArP15
ArP,ArP16
ArP,ArP18
ArP,ArP20
ArR,ArR10
ARu,ARu4
ARu,ARu10
ARu,ARu20
ARu,ARu28
ARw,ARw12
AS,AS24
ASa,ASa30
ASa,ASa34
ASa,ASa39
ASa,ASa41
ASa,ASa50
ASa,ASa51
ASe,ASe10
ASf,ASf8
ASf,ASf10
ASh,ASh10
ASi,ASi10
ASj,ASj15
AsL,AsL10
ASm,ASm10
ASo,ASo1
ASR,ASR15
ASR,ASR40
ASS,ASS10
ASt,ASt10
ASu,ASu10
ASv,ASv10
ATa,ATa5
ATa,ATa10
ATa,ATa30
AtB,AtB11
ATk,ATk10
ATk,ATk12
ATu,ATu1
ATe,ATe2
ATe,ATe3
ATe,ATe10
ATe,ATe16
ATe,ATe20
ATe,ATe22
AtH,AtH10
ATn,ATn10
ATn,ATn12
AtR,AtR10
AuB,AuB10
AuJ,AuJ10
AVa,Ava3
AVa,AVa10
AVa,AVa12
AVa,AVa17
AVL,AVL2
AVL,AVL6
AVL,AVL7
AVL,AVL9
AVL,AVL10
AVL,AVL11
AVL,AVL13
AVL,AVL19
AVL,AVL30
AVL,AVL35
AVo,AVo10
AvS,AvS10
AvW,AvW10
AvW,AvW12
AvW,AvW19
AWa,AWa5
AWe,AWe10
AWj,AWj5
AWj,AWj10
AWj,AWj13
AWj,AWj15
AWj,AWj16
AWj,AWj20
AWj,AWj22
AWj,AWj23
AWj,AWj25
AWj,AWj27
AWj,AWj29
AWj,AWj30
AWj,AWj31
AWj,AWj33
AWj,AWj34
AWj,AWj35
AWj,AWj37
AWj,AWj38
AWj,AWj41
AWj,AWj43
AWj,AWj45
AWk,AWk10
AWw,AWw3
AWw,AWw10
AxC,AxC10
AxP,AxP10
AxS,AxS10
AyW,AyW10
AyW,AyW11
AxA,AxA10
AZu,AZu5
AZu,AZu14
AZu,AZu18
AZu,AZu19
AZu,AZu20
AZu,AZu25
AZu,AZu26
BaB,BaB10
BaD,BaD13
BaD,BaD22
BaD,BaD26
BaD,BaD28
BaD,BaD29
BaD,BaD35
BaD,BaD39
BaK,BaK20
BaL,BaL1
BaL,BaL4
BaL,BaL9
BaP,BaP10
BaS,BaS10
BB,BB2
BB,BB4
BB,BB5
BB,BB6
BB,BB7
BB,BB8
BB,BB9
BB,BB10
BB,BB11
BB,BB15
BB,BB17
BB,BB22
BBa,BBa1
BBa,BBa5
BbB,BbB3
BBe,BBe1
BBe,BBe17
BBe,BBe19
BBe,BBe20
BBe,BBe21
BBe,BBe23
BBi,BBi10
BBl,BBl1
BBo,BBo10
BBo,BBo27
BBr,BBr10
BBT,BBT10
BBw,BBw10
BBw,BBw20
BBy,BBy10
BCh,BCh10
BCo,BCo10
BCl,BCl1
BCl,BCl4
BCl,BCl5
BCl,BCl7
BCl,BCl10
BCr,BCr10
BDC,BDC8
BDH,BDH10
BDH,BDH30
BDn,BDn2
BDn,BDn7
BDn,BDn13
BdP,BdP1
BdP,BdP2
BdP,BdP8
BdP,BdP10
BdP,BdP11
BdP,BdP12
BdP,BdP13
BdP,BdP14
BdP,BdP15
BdP,BdP16
BdP,BdP17
BdP,BdP18
BdP,BdP19
BdP,BdP21
BdP,BdP23
BdP,BdP25
BdP,BdP26
BdP,BdP30
BdP,BdP32
BDu,BDu2
BDu,BDu3
BDu,BDu4
BDu,BDu10
BdY,BdY4
BdY,BdY5
BdY,BdY6
BE,BE4
BE,BE8
BE,BE9
BE,BE10
BE,BE11
BE,BE12
BE,BE16
BE,BE19
BE,BE21
BE,BE22
BE,BE23
BE,BE24
BE,BE25
BE,BE26
BE,BE27
BE,BE28
BE,BE29
BE,BE36
BE,BE38
BE,BE39
BEE,BE39
BEE,BEE10
BeG,BeG10
BeH,BeH1
BeH,BeH2
BeM,BeM10
BeR,BeR10
BeR,BeR12
BeR,BeR16
BeW,BeW4
BeW,BeW10
BeW,BeW12
BF,BF5
BF,BF6
BF,BF7
BF,BF8
BF,BF9
BFo,BFo1
BFo,BFo3
BFo,BFo4
BFo,BFo12
BFo,BFo13
BFo,BFo14
BFr,BFr10
BGH,BGH9
BGH,BGH10
BGH,BGH20
BGH,BGH26
BGi,BGi10
BGi,BGi11
BGi,BGi13
BGi,BGi14
BGi,BGi15
BGi,BGi16
BGi,BGi17
BGi,BGi18
BGi,BGi19
BGi,BGi20
BGi,BGi21
BGr,BGr10
BGu,BGu10
BGt,BGt10
BGt,BGt13
BHd,BHd10
BHl,BHl10
BHo,BHo10
BHt,BHt10
BHu,BHu10
BiA,BiA1
BiA,BiA5
BiA,BiA7
BiA,BiA8
BiA,BiA9
BiA,BiA10
BiF,BiF10
BiF,BiF13
BiF,BiF20
BIG,BIG10
BiK,BiK10
BiP,BiP10
BJR,BJR10
BJq,BJq5
BJq,BJq15
BKi,BKi10
BKi,BKi12
BKi,BKi19
BKo,BKo10
BKp,BKp10
BLe,BLe1
BLe,BLe4
BLe,BLe5
BLe,BLe6
BLe,BLe8
BLe,BLe10
BLe,BLe11
BLe,BLe12
BLe,BLe15
BLe,BLe17
BLe,Ble19
BLe,BLe21
BLe,BLe22
BLe,BLe23
BLu,BLu10
BLu,BLu12
BLv,BLv10
BLv,BLv12
BLv,BLv15
BLw,BLw10
BMa,BMa10
BmF,BmF10
BMo,BMo10
BMy,Bmy14
BnG,BnG1
BnG,BnG12
BnG,BnG13
BnM,BnM10
BnR,BnjR10
BnS,BnS10
BnS,BnS15
BNu,BNu1
BoB,BoB1
BoB,BoB4
BoL,BoL10
BoS,BoS50
BoS,BoS61
BoS,BoS62
BoS,BoS70
BoS,BoS75
BoS,BoS80
BoW,BoW4
BoW,BoW6
BoW,BoW20
BPi,BPi10
BPr,BPr10
BRa,BRa10
BRa,BRa12
BRB,BRB3
BRB,BrB5
BRB,BRB7
BRB,BrB10
BRB,BrB15
BRB,BrB20
BRB,BrB21
BRB,BrB22
BRB,BrB25
BRB,BrB27
BRB,BrB30
BrD,BrD10
BrD,BrD11
BRf,BRf1
BRf,BRf2
BRf,BRf4
BRf,BRf20
BRf,BRf30
BRf,BRf32
BRf,BRf34
BRf,BRf38
BRf,BRf39
BrG,BrG10
BrG,BrG20
BrG,BrG25
BrG,BrG28
BrL,BrL15
BRo,BRo10
BrP,BrP10
BrP,BrP15
BrR,BrR1
BrR,BrR5
BrS,BrS10
BrS,zSh10
Windust,BrW5
Windust,BrW10
Windust,BrW13
Windust,BrW16
Windust,BrW100
Windust,BrW101
BS,BS1
BS,BS4
BS,BS5
BS,BS6
BS,BS8
BS,BS10
BS,BS15
BSc,BSc11
BSc,BSc20
BSc,BSc25
BSc,BSc28
BSc,BSc40
BSe,BSe10
BSe,BSe20
BSh,BSh10
BSi,BSi10
BSi,BSi13
BsK,BsK1
BsK,BsK2
BsK,BsK3
BsK,BsK4
BsK,BsK5
BsK,BsK6
BsK,BsK7
BsK,BsK8
BsK,BsK9
BsK,BsK10
BsK,BsK11
BsK,BsK12
BsK,BsK13
BsK,BsK14
BsK,BsK15
BsK,BsK16
BsK,BsK17
BsK,BsK18
BsK,BsK19
BsK,BsK20
BsK,BsK21
BsK,BsK22
BsK,BsK23
BsK,BsK24
BsK,BsK25
BsK,BsK26
BsK,BsK27
BsK,BsK28
BsK,BsK29
BsK,BsK30
BSp,BSp10
BSp,BSp12
BSt,BSt1
BSt,BSt5
BSt,BSt15
BSz,BSz10
BtB,BtB3
BtB,BtB5
BtB,BtB7
BtB,BtB13
BtB,BtB15
BtB,BtB19
BtB,BtB25
BtB,BtB29
BtB,BtB32
BTh,BTh10
BTh,BTh13
BTh,BTh15
BtK,BtK10
BtS,BtS10
BTv,BTv5
BTv,BTv16
BTv,BTv20
BTv,BTv22
BTv,BTv24
BTv,BTv27
BTv,BTv29
BuE,BuE10
BuG,BuG10
BuH,BuH10
BuH,BuH15
BuK,BuK2
BuK,BuK3
BuK,BuK5
BuK,BuK10
BuR,BuR10
BuR,BuR14
BuR,BuR20
BuR,BuR25
BuS,BuS10
BuT,BuT10
BvH,BvH8
BvH,BvH10
BVi,BVi5
BVi,BVi12
BVo,BVo10
BVS,BVS3
BW,BW2
BW,BW3
BW,BW4
BW,BW5
BW,BW7
BW,BW8
BW,BW9
BW,BW10
BW,BW11
BW,BW12
BW,BW13
BW,BW14
BW,BW15
BW,BW16
BW,BW17
BW,BW18
BW,BW19
BW,BW21
BW,BW25
BW,BW28
BW,BW30
BWb,BWb10
BYa,BYa10
ByB,ByB10
ByH,ByH5
ByH,ByH8
ByH,ByH10
ByH,ByH12
ByH,ByH13
ByH,ByH15
ByH,ByH20
ByH,ByH26
BYo,BYo1
ByP,ByP10
ByS,ByS10
ByS,ByS15
ByS,ByS17
BZi,BZi10
BzK,BzK8
BzK,BzK10
BzK,BzK15
BzK,BzK20
C4,C40
C4,C76
C4,C87
C4,C89
C4,C91
C4,C94
C4,C101
C4,C104
C4,C106
C4,C109
C4,C112
C4,C113
C4,C114
C4,C115
C4,C117
C4,C118
C4,C119
C4,C120
C4,C121
C4,C122
C4,C123
C4,C124
C4,C126
C4,C127
C4,C129
C4,C131
C4,C134
C4,C135
C4,C136
C4,C140
C4,C142
C4,C143
C4,C146
C4,C157
C4,C160
C4,C161
C4,C165
C4,C171
CaB,CaB1
CaB,CaB6
CAd,CAd10
CaF,CaF10
CaG,CaG1
CAL,CAL15
CAL,CAL20
CAL,CAL25
CAL,CAL35
CAL,CAL36
CAL,CAL46
CAm,CAm30
CAN,CAN10
CaR,CaR1
CaR,CaR5
CaR,CaR7
CaR,CaR15
CaR,CaR20
CaR,CaR21
CaR,CaR22
CaR,CaR24
CaR,CaR27
CaR,CaR30
CaR,CaR31
CaR,CaR35
CaR,CaR38
CaS,CaS10
CB,CB14
CB,CB15
CB,CB18
CBa,CBa30
CBa,CBa40
CBa,CBa45
CBa,CBa50
CBe,CBe10
CBd,CBd10
CBd,CBd20
CBl,CBl20
CBl,CBl25
CBl,CBl26
CBl,CBl30
CBl,CBl32
CBl,CBl35
CBl,CBl40
CBl,CBl60
CBl,CBl67
CBl,CBl69
CBl,CBl70
CBl,CBl73
CBl,CBl80
CBm,CBm10
CBm,CBm11
CBm,CBm60
CBP,CBP10
CBP,CBP12
CBt,CBt3
CBt,CBt10
CBt,CBt15
CBu,CBu8
CBu,CBu10
CBu,CBu12
CBw,CBw9
CBw,CBw12
CBw,CBw15
CBw,CBw17
CBw,CBw18
CBw,CBw19
CBw,CBw22
CBw,CBw27
CBw,CBw28
CBw,CBw29
CBw,CBw31
CBw,CBw32
CBw,CBw33
CBw,CBw35
CBw,CBw36
CBw,CBw37
CBw,CBw38
CBw,CBw41
CBw,CBw42
CBw,CBw43
CBw,CBw45
CBw,CBw48
CBx,CBx10
CBy,CBy10
CC,CC43
CC,CC60
CC,CC62
CC,CC64
CC,CC66
CC,CC68
CC,CC70
CC,CC73
CC,CC75
CC,CC76
CC,CC77
CC,CC78
CC,CC79
CC,CC80
CC,CC82
CC,CC83
CCa,CCa10
CCa,CCa13
CCb,CCb10
CCG,CCG1
CCG,CCG3
CCG,CCG4
CCG,CCG7
CCG,CCG8
CCG,CCG10
CCG,CCG15
CCG,CCG24
CCo,CCo1
CCo,CCo3
CCo,CCo4
CCo,CCo5
CCo,CCo6
CCo,CCo10
CCo,CCo11
CCo,CCo12
CCo,CCo14
CCr,CCr10
CCr,CCr12
CCw,CCw2
CCw,CCw5
CCw,CCw10
CD,CD8
CD,CD11
CD,CD20
CD,CD22
CD,CD28
CD,CD29
CD,CD33
CDe,CDe10
CdG,CdG1
CDM,CDM1
CDM,CDM3
CDM,CDM6
CDM,CDM7
CDM,CDM8
CDM,CDM9
CDM,CDM10
CDM,CDM11
CDM,CDM12
CDM,CDM13
CDM,CDM15
CDM,CDM16
CDM,CDM17
CDM,CDM18
CDM,CDM22
CDM,CDM32
CDM,CDM40
CDM,CDM45
CDM,CDM51
CDM,CDM52
CDM,CDM54
CDM,CDM56
CDM,CDM59
CDM,CDM60
CDM,CDM64
CDM,CDM68
CDM,CDM73
CDM,CDM75
CDM,CDM77
CDM,CDM78
CDM,CDM79
CDM,CDM80
CDN,CDN10
CDr,CDr9
CDr,CDr10
CDr,CDr30
CDu,CDu10
CDv,CDv10
CEa,CEa1
CEa,CEa2
CEa,CEa3
CEa,CEa4
CEa,CEa5
CEa,CEa6
CEa,CEa7
CEa,CEa8
CEa,CEa9
CEa,CEa11
CEa,CEa12
CEa,CEa13
CEa,CEa14
CEa,CEa15
CEa,CEa16
CEa,CEa17
CEa,CEa18
CEa,CEa19
CEa,CEa20
CEa,CEa21
CEd,CEd10
CEd,CEd20
CfO,CfO10
CfO,CfO20
CFr,CFr10
CGi,CGi10
CGl,CGl10
CGl,CGl25
CGl,CGl35
CGl,CGl115
CGo,CGo10
CGo,CGo15
CGr,CGr10
CGy,CGy10
CHa,CHa10
CHa,CHa18
CHa,CHa20
CHa,CHa25
CHa,CHa27
ChB,ChB9
ChC,ChC4
ChC,ChC6
ChC,ChC7
ChC,ChC8
ChC,ChC11
ChC,ChC13
ChC,ChC30
ChD,ChD10
ChE,ChE1
ChE,ChE2
ChF,ChF7
ChF,ChF10
ChG,ChG1
ChG,ChG10
ChG,ChG15
ChG,ChG18
ChH,ChH3
ChH,ChH10
CH,CH5
CH,CH10
ChN,ChN10
ChJ,ChJ12
ChJ,ChJ30
ChJ,ChJ36
ChJ,ChJ50
ChJ,ChJ74
ChK,ChK10
ChK,ChK13
ChL,ChL1
ChM,ChM20
CHo,CHo5
ChR,ChR10
ChR,ChR13
ChR,ChR50
ChR,ChR60
ChS,ChS10
ChS,ChS13
ChS,ChS20
ChS,ChS24
ChV,ChV2
ChV,ChV8
ChV,ChV13
ChV,ChV15
ChV,ChV20
ChV,ChV26
ChV,ChV35
ChV,ChV45
ChV,ChV46
ChW,ChW2
ChW,ChW3
ChW,ChW4
ChW,ChW6
ChW,ChW7
ChW,ChW12
ChW,ChW16
ChW,ChW22
ChW,ChW25
CiS,CiS10
CiS,CiS40
CJ,CJ2
CJ,CJ4
CJ,CJ6
CJ,CJ8
CJ,CJ9
CJ,CJ10
CJu,CJu10
CkB,CkB10
CKl,CKl2
CKl,CKl4
CL,CL1
CLa,CLa18
CLa,CLa20
CLa,CLa24
CLa,CLa95
CLa,CLa100
CLa,CLa110
CLa,CLa114
CLa,CLa115
CLa,CLa121
CLa,CLa125
CLa,CLa127
CLB,CLB10
CLB,CLB20
ClC,ClC2
ClC,ClC5
ClC,ClC8
ClC,ClC18
ClC,ClC20
ClC,ClC21
ClC,ClC22
ClC,ClC24
ClC,ClC35
ClC,ClC45
ClC,ClC49
ClC,ClC50
ClC,ClC57
ClC,ClC58
ClC,ClC60
ClD,ClD1
ClD,ClD5
ClD,ClD10
CLi,CLi10
ClL,ClL25
ClM,ClM30
ClM,ClM40
ClO,ClO10
ClP,ClP10
ClP,ClP12
ClP,ClP18
ClS,ClS22
ClS,ClS25
ClS,ClS40
ClS,ClS45
ClW,ClW10
ClW,ClW20
ClZ,ClZ10
ClZ,ClZ19
CMA,CMA1
CMe,CMe10
CMk,CMk11
CMk,CMk40
CMt,CMt10
CMu,CMu10
CNo,CNo1
CNo,CNo3
CNu,CNu10
CNy,CNy1
CNy,CNy15
CoA,CoA1
CoA,CoA10
CoB,CoB1
CoB,CoB3
CoB,CoB6
CoC,CoC10
CoF,CoF10
CoH,CoH1
CoH,CoH2
CoH,CoH3
CoW,CoW1
CoW,CoW2
CoW,CoW3
CoW,CoW4
CoW,CoW5
CoW,CoW6
CoW,CoW7
CP,CP2
CP,CP3
CPR,CPR10
CR,CR10
CR,CR12
CR,CR13
CR,CR14
CR,CR16
CR,CR17
CR,CR18
CR,CR19
CR,CR20
CR,CR24
CrB,CrB10
CrC,CrC10
CRd,CRd10
CrM,CrM10
CrR,CrR10
CrS,CrS10
CRu,CRu10
CSc,CSc10
CSe,CSe2
CSe,CSe15
CSG,CSG10
CSi,CSi6
CSi,CSi10
CSm,CSm10
CSr,CSr4
CSr,CSr5
CSr,CSr7
CSr,CSr10
CSr,CSr20
CSr,CSr25
CsS,CsS10
CsS,CsS15
CTB,CTB10
CTB,CTB15
CTB,CTB16
CTB,CTB25
CTH,CTH10
CTK,CTK10
CTK,CTK12
CuB,CuB32
CuB,CuB34
CuB,CuB37
CuB,CuB39
CuB,CuB40
CuB,CuB44
CuH,CuH14
CuH,CuH20
CVi,CVi10
CVi,CVi16
CWh,CWh10
CWi,CWi10
CWl,CWl10
CWm,CWm10
CWr,CWr3
CWr,CWr10
CyC,CyC10
CyE,CyE8
CyE,CyE10
CyE,CyE30
CyE,CyE40
CyS,CyS1
DaA,DaA1
DaA,DaA3
DaA,DaA5
DaA,DaA18
DaB,DaB3
DaB,DaB4
DaB,DaB5
DaB,DaB8
DaB,DaB9
DaB,DaB11
DaB,DaB13
DaB,DaB17
DaB,DaB19
DaB,DaB20
DaB,DaB21
DaB,DaB23
DaB,DaB28
DaB,DaB29
DaB,DaB30
DaB,DaB32
DaB,DaB33
DaD,DaD10
DAf,DAf10
DaG,DaG3
DaG,DaG6
DaG,DaG10
DaH,DaH1
DaH,DaH2
DAl,DAl10
DaM,DaM1
DaM,DaM3
DaM,DaM4
DaM,DaM5
DaM,DaM6
DaM,DaM7
DaM,DaM10
DaM,DaM15
DaM,DaM30
DaM,DaM35
DAP,DAP10
DAr,DAr10
DaT,DaT10
DaV,DaV1
DAz,DAz5
DAz,DAz6
DAz,DAz21
DAz,DAz23
DAz,DAz35
DBd,DBd10
DBl,DBl10
DBl,DBl15
DBl,DBl20
DBl,DBl24
DBo,DBo6
DBo,DBo10
DBo,DBo12
DBo,DBo15
DBr,DBr5
DBr,DBr10
DBu,DBu10
DbW,DbW10
DBy,DBy1
DBy,DBy2
DBy,DBy4
DBy,DBy10
DCa,DCa5
DCa,DCa10
DCb,DCb10
DCh,DCh10
DCh,DCh15
DCh,DCh25
DCn,DCn10
DCn,DCn12
DCr,DCr10
DCr,DCr14
DCr,DCr15
DCr,DCr17
DCr,DCr18
DCr,DCr19
DCr,DCr20
DCr,DCr22
DCr,DCr25
DCr,DCr30
DCr,DCr35
DCr,DCr37
DCs,DCs1
DCs,DCs10
DCs,DCs12
DCs,DCs30
DDa,DDa10
DDB,DDB10
DDe,DDe10
DDg,DDg10
DDg,DDg13
DDk,DDk10
DDo,DDo20
DDo,DDo25
DdP,DdP10
DDu,DDu10
DDu,DDu15
DdV,DdV1
DdV,DdV2
DdV,DdV4
DDW,DDW10
DDy,DDy10
DeA,DeA10
DeD,DeD18
DeD,DeD30
DeD,DeD40
DeD,DeD42
DeD,DeD50
DeD,DeD57
DeD,DeD60
DeD,DeD62
DeD,DeD65
DeD,DeD75
DeD,DeD77
DeH,DeH10
DeJ,DeJ10
DeJ,DeJ28
DeJ,DeJ32
DEl,DEl10
DeM,DeM1
DeM,DeM2
DeM,DeM4
DeM,DeM8
DeM,DeM10
DeM,DeM17
DeM,DeM20
DeR,DeR10
DeS,DeS10
DFg,DFg10
DFi,DFi10
DFi,DFi15
DFi,DFi17
DGi,DGi10
DGr,DGr1
DH,DH5
DHa,DHa2
DHa,DHa5
DHa,DHa7
DHe,DHe10
DHg,DHg10
DHi,DHi10
DHL,DHL1
DHL,DHL6
DHL,DHL10
DHo,DHo1
DHo,DHo18
DHo,DHo22
DHr,DHr10
DHr,DHr12
DHx,DHx10
DiK,DiK10
DIl,DIl10
DIr,DIr5
DIr,DIr10
DiS,DiS10
DJR,DJR10
DJR,DJR15
DKl,DKl10
DkP,DkP3
DkP,DkP4
DkP,DkP5
DKu,DKu1
DKu,DKu5
DKu,DKu10
DL,DL1
DL,DL3
DL,DL4
DL,DL5
DL,DL6
DL,DL7
DL,DL9
DL,DL10
DL,DL11
DL,DL12
DL,DL13
DL,DL14
DL,DL15
DL,DL16
DlB,DlB10
DLD,DLD10
DLe,DLe1
DLe,DLe2
DLi,DLi10
DLi,DLi13
DLo,DLo10
DLo,DLo13
DLo,DLo19
DLR,DLR3
DLR,DLR4
DLR,DLR5
DLR,DLR10
DLR,DLR15
DLu,DLu10
DLv,DLv10
DLy,DLy1
DLy,DLy2
DLy,DLy5
DLy,DLy8
DLy,DLy10
DLy,DLy12
DLy,DLy18
DLy,DLy21
DLZ,DLZ10
DM,DM100
DM,DM101
DM,DM200
DM,DM230
DMa,DMa10
DMa,DMa13
DMa,DMa20
DMa,DMa21
DMc,DMc1
DMD,DMD35
DMD,DMD40
DMD,DMD50
DME,DME10
DME,DME13
DMH,DMH10
DMH,DMH15
DMi,DMi15
DMi,DMi25
DMi,DMi27
DMi,DMi28
DMi,DMi30
DMi,DMi32
DMi,DMi35
DMi,DMi45
DMl,DMl10
DmM,DmM10
DMk,DMk10
DMu,DMu4
DMu,DMu10
DMy,DMy10
DmS,DmS1
DnB,DnB10
DnD,DnD10
DnH,DnH30
DnR,DnR10
DoC,DoC7
DoC,DoC10
DoH,DoH10
DOR,DOR10
DoS,DoS8
DoS,DoS9
DoS,DoS12
DoS,DoS16
DoW,DoW50
DoW,DoW51
DoW,DoW80
DoW,DoW81
DoW,DoW82
DoW,DoW95
DoW,DoW97
DoW,DoW120
DoW,DoW130
DPa,DPa10
DpM,DpM10
DpM,DpM13
Dpo,DPo2
Dpo,DPo4
Dpo,DPo7
Dpo,DPo15
DPs,DPs10
DPs,DPs13
DPt,DPt2
DPt,DPt6
DPt,DPt16
DPt,DPt17
DPt,DPt19
DPt,DPt21
DPt,DPt23
DPt,DPt30
DPt,DPt33
DPt,DPt35
DPt,DPt36
DPt,DPt37
DPt,DPt39
DPt,DPt41
DPt,DPt42
DRi,DRi10
DRi,DRi14
DRi,DRi20
DrH,DrH10
DRo,DRo10
DRu,DRu10
DRu,DRu15
DRz,DRz10
DS,DS5
DS,DS6
DS,DS8
DS,DS9
DS,DS13
DS,DS23
DS,DS28
DS,DS30
DS,DS32
DS,DS33
DS,DS35
DS,DS36
DS,DS37
DS,DS38
DS,DS39
DS,DS40
DS,DS49
DS,DS50
DSa,DSa10
DSc,DSc10
DSh,DSh10
DSk,DSk32
DSk,DSk38
DSk,DSk44
DSk,DSk48
DSk,DSk49
DSk,DSk50
DSk,DSk51
DSk,DSk54
DSk,DSk58
DSk,DSk62
DSk,DSk66
DSk,DSk67
DSk,DSk69
DSm,DSm10
DSt,DSt10
DSu,DSu20
DSW,DSW1
DSW,DSW15
DSW,DSW18
DTa,DTa100
DTa,DTa102
DTa,DTa103
DTa,DTa104
DTa,DTa105
DTa,DTa106
DTa,DTa150
DTa,DTa210
DTa,DTa211
DTa,DTa212
DTa,DTa215
DTa,DTa220
DTa,DTa221
DTa,DTa222
DTr,DTr3
DTr,DTr10
DTw,DTw10
DuC,DuC10
DuM,DuM5
DuM,DuM8
DuM,DuM10
DuM,DuM20
DuN,DuN2
DuW,DuW10
DvD,DvD10
DvF,DvF10
DvH,DvH10
DvJ,DvJ1
DvJ,DvJ6
DvR,DvR10
DVs,DVs1
DVs,DvS3
DVs,DvS10
DvW,DvW10
DWa,DWa10
DWG,DWG02
DWG,DWG03
DWG,DWG8
DWG,DWG11
DWG,DWG15
DWG,DWG29
DWG,DWG49
DWG,DWG50
DWG,DWG51
DWG,DWG52
DWG,DWG55
DWG,DWG57
DWG,DWG58
DWG,DWG64
DWG,DWG67
DWG,DWG71
DWG,DWG72
DWG,DWG75
DWG,DWG80
DWi,DWi10
DWl,DWl10
DWr,DWr10
DzJ,DzJ10
DZo,DZo10
DZu,DZu12
EAD,EAD10
EaK,EaK8
EaK,EaK10
EaK,EaK30
EaK,EaK50
EaK,EaK51
EaK,EaK60
EAr,EAr10
EAr,EAr12
EAy,EAy10
EBe,EBe5
EBe,EBe7
EBe,EBe10
EBe,EBe30
EBe,EBe32
EBi,EBi10
EBS,EBS30
EBS,EBS50
EBS,EBS90
EBu,EBu5
EBu,EBu8
EBu,EBu10
EBy,EBy10
EBy,EBy20
EBy,EBy22
EBz,EBz30
EBz,EBz35
EBz,EBz46
EBz,EBz60
ECa,ECa62
ECa,ECa64
ECa,ECa65
ECh,ECh10
ECl,ECl10
ECn,ECn166
ECn,ECn167
ECn,ECn168
ECn,ECn177
EdC,EdC10
EdE,EdE10
EDF,EDF10
EDi,EDi12
EDi,EDi14
EdK,EdK10
EdK,EdK15
EDm,EDm18
EDm,EDm20
EDm,EDm22
EDm,EDm24
EDm,EDm25
EDm,EDm26
EDm,EDm34
EDm,EDm35
EDm,EDm37
EDm,EDm38
EDm,EDm39
EDm,EDm41
EDm,EDm43
EDm,EDm44
EDm,EDm46
EDm,EDm55
EDm,EDm40
EDm,EDm58
EDr,EDr10
EdS,EdS50
EdS,EdS60
EdS,EdS70
EdS,EdS75
EDW,EDW10
EDW,EDW13
EDW,EDW14
EDW,EDW22
EdY,EdY10
EFo,EFo10
EG,EG3
EG,EG10
EG,EG11
EG,EG16
EG,EG17
EG,EG18
EG,EG20
EG,EG23
EG,EG24
EG,EG25
EG,EG27
EG,EG28
EGC,EGC10
EgM,EgM10
EgM,EgM12
EGU,EGU1
EGU,EGU17
EGU,EGU18
EGU,EGU40
EHe,EHe10
EHG,EHG15
EHG,EHG20
EHG,EHG30
EHG,EHG38
EHG,EHG48
EHG,EHG50
EHo,EHo10
EiC,EiC10
EJL,EJL10
EK,EK1
EK,EK2
EK,EK3
EK,EK4
EK,EK5
EK,EK6
EK,EK7
EK,EK9
EK,EK10
EK,EK11
EK,EK12
EK,EK14
EK,EK15
EK,EK18
EK,EK20
EKu,EKu5
EL,EL9
EL,EL13
EL,EL15
EL,EL19
EL,EL21
EL,EL29
EL,EL31
EL,EL32
EL,EL33
EL,EL34
EL,EL35
EL,EL36
EL,EL37
EL,EL38
EL,EL39
EL,EL40
EL,EL41
EL,EL42
EL,EL44
EL,EL46
EL,EL48
EL,EL49
EL,EL51
EL,EL52
EL,EL53
EL,EL54
EL,EL55
EL,EL56
EL,EL57
EL,EL60
EL,EL61
EL,EL62
EL,EL63
EL,EL64
EL,EL65
EL,EL67
EL,EL68
EL,EL69
ElB,ElB10
ELC,ELC2
ELC,ELC195
ELC,ELC200
ELh,ELh1
ELM,ELM2
ELM,ELM15
ELM,ELM17
ELM,ELM19
ELM,ELM21
ELM,ELM22
ELM,ELM24
ELM,ELM26
ELM,ELM29
ELM,ELM35
ElN,ElN2
ElN,ElN5
ElN,ElN7
ElN,ElN8
ElN,ElN10
ElN,ElN11
ElN,ElN13
ElN,ElN14
ElN,ElN15
ElN,ElN20
ElP,ElP30
ElS,ElS2
ElS,ElS4
ElS,ElS10
ELu,ELu19
ELu,ELu20
ELu,ELu30
ELu,ELu49
EMa,EMa1
EMa,EMa15
EMa,EMa25
EmC,EmC10
EmE,EmE10
EMF,EMF10
EMo,EMo5
EMo,EMo17
EMo,EMo20
EMo,EMo25
EMo,EMo40
EMr,EMr10
EMr,EMr13
EMr,EMr15
EMu,EMu1
EMv,EMv10
EMH,EMH10
EMt,EMt10
EOB,EOB1
EP,EP1
EPe,EPe10
EPy,EPy10
ErD,ErD10
ErK,ErK10
ErK,ErK20
ErK,ErK30
ErM,ErM1
ErM,ErM2
ErM,ErM3
ErM,ErM10
ErM,ErM20
ErM,ErM25
ERr,ERr20
ERr,ERr22
ERr,ERr30
ERr,ERr33
ERr,ERr37
ERr,ERr45
ERr,ERr47
ERr,ERr50
ERr,ERr52
ERr,ERr55
ERz,ERz6
ERz,ERz10
ESc,ESc10
ESl,ESl10
ESl,ESl30
ESP,ESP9
ESP,ESP11
ESP,ESP12
ESP,ESP15
ESP,ESP16
ESP,ESP17
ESP,ESP18
ESP,ESP24
ESP,ESP30
ESP,ESP31
ESP,ESP32
ESP,ESP33
ESP,ESP40
EtC,EtC20
EtC,EtC25
ETG,ETG3
ETG,ETG10
ETG,ETG12
ETi,ETi10
ETi,Eti20
EtS,EtS4
EtS,EtS5
EtS,EtS7
EtS,EtS10
EuF,EuF1
EuF,EuF10
EuF,EuF30
EuF,EuF40
EuF,EuF50
EuF,EuF51
EuF,EuF53
EuF,EuF55
EuF,EuF57
EuF,EuF59
EuL,EuL10
EuL,EuL20
EuL,EuL30
EuM,EuM10
EvS,EvS1
EvS,EvS3
EvS,EvS5
EvS,EvS6
EvS,EvS7
EwD,EwD10
EWi,EWi10
EWS,EWS4
EWS,EWS10
EZo,EZo10
EZw,EZw1
EZw,EZw4
EZw,EZw5
EZw,EZw6
EZw,EZw7
EZw,Ezw9
FAl,FAl10
FAm,FAm10
FAm,FAm16
FAs,FAs1
FB,FB13
FB,FB15
FB,FB21
FB,FB27
FB,FB29
FB,FB39
FB,FB40
FB,FB42
FB,FB43
FB,FB45
FB,FB51
FB,FB52
FbM,FbM10
FBr,FBr50
FBr,FBr60
FC,FC1
FC,FC3
FC,FC10
FC,FC15
FC,FC17
FC,FC21
FC,FC22
FC,FC23
FC,FC24
FC,FC25
FC,FC26
FC,FC27
FC,FC28
FC,FC29
FC,FC30
FC,FC34
FC,FC35
FC,FC36
FC,FC38
FC,FC40
FcA,FcA10
FCk,FCk1
FCk,FCk2
FCo,FCo10
FCo,FCo20
FCr,FCr10
FCr,FCr11
FDa,FDa10
FDa,FDa15
FDa,FDa17
FdC,FdC14
FdC,FdC16
FdC,FdC23
FDF,FDF10
FDG,FDG10
FDL,FDL10
FDL,FDL15
FDL,FDL20
Fdu,Fdu10
FeF,FeF12
FeF,FeF28
FeF,FeF80
FeF,FeF85
FF,FF1
FF,FF2
FF,FF3
FF,FF4
FF,FF5
FF,FF6
FF,FF7
FF,FF9
FF,FF10
FF,FF12
FF,FF13
FF,FF14
FF,FF15
FF,FF18
FF,FF23
FF,FF30
FF,FF40
FF,FF50
FFC,FFC1
FFC,FFC2
FFC,FFC3
FFC,FFC4
FFC,FFC5
FFC,FFC6
FFC,FFC7
FFC,FFC8
FFC,FFC9
FFC,FFC10
FFC,FFC12
FFC,FFC15
FFC,FFC20
FFC,FFC24
FFC,FFC26
FFC,FFC29
FFe,FFe10
FFf,FFf10
FFo,FFo10
FGd,FGd10
FGi,FGi10
FGi,FGi20
FHe,FHe10
FiC,FiC1
FiC,FiC20
FJS,FJS2
FJS,FJS5
FJS,FJS10
FJS,FJS13
FJS,FJS14
FJS,FJS16
FJS,FJS18
FJS,FJS22
FJS,FJS29
FJS,FJS35
FKi,FKi10
FKi,FKi18
FkP,FkP10
FKr,FKr20
FkS,FkS10
FL,FL8
FL,FL11
FL,FL12
FL,FL13
FL,FL14
FL,FL16
FL,FL19
FL,FL20
FL,FL23
FL,FL24
FL,FL27
FL,FL28
FL,FL29
FL,FL30
FL,FL35
FL,FL37
FL,FL40
FLd,FLd10
FLd,FLd18
FLd,FLd20
FLe,FLe10
FLg,FLg10
FLl,FLl4
FLl,FLl7
FLl,FLl10
FLl,FLl30
FLl,FLl40
FLl,FLl59
FLl,FLl62
FLl,FLl70
FLl,FLl75
FLl,FLl80
FLl,FLl85
FLl,FLl89
FLl,FLl99
FlM,FlM1
FlM,FlM3
FLr,FLr10
FM,FM3
FM,FM4
FM,FM6
FM,FM7
FM,FM9
FM,FM10
FMD,FMD3
FMD,FMD10
FMD,FMD20
FMe,FMe10
FMe,FMe12
FMx,FMx10
FNm,FNm5
FNm,FNm10
FNm,FNm14
FNm,FNm16
FNm,FNm18
FNm,FNm20
FoB,FoB30
FoB,FoB50
FoB,FoB70
FOp,FOp10
FOR,FOR30
FOz,FOz20
FOz,FOz22
FOz,FOz25
FOz,FOz29
FPy,FPy1
FPy,Fpy7
FPy,FPy8
FPy,FPy10
FPy,FPy20
FPy,FPy22
FPy,FPy30
FRa,FRa10
FrC,FrC1
FrD,FrD10
FrE,FrE10
FrF,FrF26
FrF,FrF28
FrF,FrF30
FrF,FrF35
FrF,FrF40
FrF,FrF45
FrG,FrG10
FrH,FrH10
FRJ,FRJ30
FRK,FRK10
FrL,FrL10
FrM,FrM1
FrM,FrM6
FrM,FrM10
FrN,FrN3
FrN,FrN5
FrN,FrN8
FrN,FrN9
FrN,FrN11
FRo,FRo8
FRo,FRo10
FRo,FRo20
FRo,FRo28
FrP,FrP2
FrP,FrP10
FrP,FrP14
FrR,FrR17
FrR,FrR20
FrS,FrS10
FrT,FrT5
FrT,FrT7
FrT,FrT10
FrT,FrT13
FrT,FrT16
FrT,FrT20
FrT,FrT22
FrT,FrT23
FrT,FrT25
FrT,FrT30
FrT,FrT32
FrV,FrV10
FrV,FrV20
FrW,FrW1
FrW,FrW10
FSc,FSc5
FSc,FSc10
FSc,FSc13
FSc,FSc15
FSc,FSc18
FSc,FSc20
FSc,FSc25
FSc,FSc27
FSc,FSc29
FSc,FSc31
FSc,FSc34
FSh,FSh10
FSl,FSl10
FSt,FSt10
FSt,FSt20
FT,FT1
FT,FT2
FT,FT3
FT,FT4
FT,FT6
FT,FT7
FT,FT8
FT,FT9
FT,FT10
FT,FT11
FT,FT12
FT,FT13
FT,FT14
FT,FT15
FT,FT16
FT,FT18
FT,FT20
FT,FT21
FT,FT22
FT,Ft24
FT,FT28
FT,FT30
FTa,FTa10
FTr,FTr10
FTr,FTr12
FTr,FTr14
FTu,FTu7
FTu,FTu10
FTu,FTu15
FTu,FTu19
FTu,FTu20
FTu,FTu23
FTu,FTu25
FTu,FTu50
FTu,FTu60
FWa,FWa10
FWh,FWh5
FWh,FWh10
FWs,FWs10
FWx,FWx10
FWx,FWx15
FWx,FWx18
FWx,FWx20
FWx,FWx30
FxB,FxB10
FZ,FZ6
FZ,FZ8
FZ,FZ10
FZ,FZ11
FZ,FZ12
FZ,FZ13
FZ,FZ14
FZ,FZ15
FZ,FZ17
FZ,FZ18
FZ,FZ19
FZ,FZ20
FZ,FZ21
FZe,FZe1
FZe,FZe2
FZe,FZe3
FZe,FZe5
FZe,FZe6
FZe,FZe10
FZe,FZe15
FZe,FZe21
FZe,FZe23
GAd,GAd5
GAe,GAe10
GAg,GAg10
GaK,GaK4
GaK,GaK5
GaK,GaK6
GaK,GaK7
GaK,GaK20
GaM,GaM10
GaO,GaO10
GAr,GAr58
GAr,GAr59
GAr,GAr60
GAr,GAr80
GAS,GAS10
GaT,GaT7
GaT,GaT10
GaT,GaT11
GaT,GaT18
GaW,GaW10
GAx,GAx1
GBl,GBl10
GBl,GBl20
GBo,GBo5
GBo,GBo15
GBS,GBS42
GBS,GBS92
GBS,GBS93
GBS,GBS95
GBS,GBS96
GBS,GBS97
GBS,GBS100
GBS,GBS103
GBS,GBS110
GBS,GBS130
GBS,GBS132
GBS,GBS144
GBS,GBS145
GBS,GBS150
GBo,GBo10
GBW,GBW10
GC,GC1
GC,GC3
GC,GC4
GC,GC7
GC,GC8
GC,GC10
GC,GC11
GC,GC12
GC,GC13
GC,GC14
GC,GC15
GC,GC16
GC,GC17
GC,GC19
GC,GC20
GC,GC21
GC,GC22
GC,GC23
GC,GC26
GC,GC29
GC,GC30
GC,GC31
GC,GC33
GC,GC36
GC,GC38
GC,GC39
GC,GC40
GC,GC41
GC,GC44
GC,GC45
GC,GC47
GC,GC48
GC,GC52
GC,GC54
GCh,GCh10
GCh,GCh20
GCh,GCh23
GCl,GCl10
GCl,GCl20
GCo,GCo1
GCS,GCS10
GCt,GCt20
GCt,GCt21
GDa,GDa10
GDG,GDG1
GDo,GDo2
GDo,GDo4
GDo,GDo18
GDo,GDo23
GDo,GDo32
GDo,GDo37
GDo,GDo39
GDo,GDo49
GDo,GDo50
GDo,GDo71
GDo,GDo74
GDo,GDo76
GDo,GDo78
GDo,GDo79
GDo,GDo81
GDo,GDo83
GDo,GDo92
GdS,GdS2
GdT,GdT10
GdT,GdT14
GDu,GDu10
GeA,GeA10
GeA,GeA30
GeB,GeB3
GeB,GeB10
GeE,GeE10
GeH,GeH10
GeK,GeK5
GeK,GeK10
GeK,GeK20
GeM,GeM2
GeM,GeM5
GeM,GeM6
GeM,GeM15
GeM,GeM17
GeM,GeM24
GeM,GeM30
GeO,GeO10
GeP,GeP10
GeP,GeP15
GeP,GeP18
GeP,GeP40
GeQ,GeQ10
GeR,GeR1
GeS,GeS15
GeS,GeS17
GeS,GeS27
GeS,GeS29
GeW,GeW3
GeW,GeW5
GF,GF60
GF,GF70
GF,GF90
GF,GF150
GF,GF160
GF,GF170
GfD,GfD11
GFi,GFi1
GFi,GFi2x
GFi,GFi2
GFj,GFj10
GFj,GFj15
GFj,GFj20
GFl,GFl10
GFr,GFr35
GgA,GgA9
GGC,GGC10
GGC,GGC14
GgD,GgD10
GgE,GgE10
GGh,GGh10
GgL,GgL1
GgL,GgL2
GgL,GgL3
GgL,GgL5
GgL,GgL6
GGM,GGM10
GGr,GGr8
GGr,GGr18
GgW,GgW10
GGy,GGy10
GH,GH3
GH,GH8
GH,GH12
GH,GH15
GH,GH16
GH,GH17
GH,GH25
GH,GH30
GHa,GHa10
GHb,GHb10
GHl,GHl7
GHl,GHl9
GHl,GHl15
GHo,GHo10
GiA,GiA10
GiA,GiA30
GiA,GiA32
GiA,GiA35
GiB,GiB10
GiC,GiC3
GiC,GiC10
GiC,GiC12
GiF,GiF10
GiG,GiG10
GiK,GiK1
GiP,GiP10
GiP,GiP20
GJo,GJo10
GJu,GJu1
GKc,GKc2
GKc,GKc4
GKe,GKe1
GKe,GKe2
GKe,GKe3
GKe,GKe4
GKe,GKe6
GKe,GKe7
GKe,GKe8
GKe,GKe9
GKS,GKS60
GLa,GLa2
GLa,GLa10
GLC,GLC2
GLC,GLC3
GLC,GLC4
GLC,GLC12
GLC,GLC13
GLC,GLC15
GLe,GLe10
GlJ,GlJ10
GlJ,GlJ40
GlJ,GLJ44
GlJ,GlJ50
GlJ,GlJ60
GLm,GLm10
GLp,GLp15
GLp,GLp17
GlR,GlR20
GlS,GlS10
GLt,GLt2
GLt,GLt10
GLt,GLt20
GLw,GLw10
GM,GM190
GM,GM200
GM,GM210
GM,GM222
GM,GM223
GM,GM224
GM,GM225
GM,GM226
GM,GM227
GM,GM235
GM,GM237
GM,GM238
GM,GM240
GM,GM242
GM,GM300
GM,GM305
GM,GM310
GMf,GMf20
GMf,GMf40
GMf,GMf50
GMf,GMf60
GMf,GMf70
GMK,GMK10
GMK,GMK15
GMK,GMK17
GMu,GMu9
GMu,GMu15
GMu,GMu17
GMu,GMu21
GMy,GMy20
GMy,GMy25
GMy,GMy35
GMy,GMy45
GMx,GMx2
GMx,GMx3
GMx,GMx5
GnA,GnA10
GnA,GnA13
GNe,GNe5
GNj,GNj1
GnN,GnN10
GnN,GnN14
GnN,GnN15
GnP,GnP10
GNs,GNs10
GoA,GoA10
GoG,GoG10
GoH,GoH10
GoH,GoH50
GoH,GoH51
GoH,GoH52
GoH,GoH53
GoH,GoH54
GOl,GOl1
GoP,GoP12
GOu,GOu20
GOu,GOu35
GoJ,GoJ20
GoM,GoM10
GP,GP3
GP,GP7
GP,GP9
GP,GP13
GP,GP14
GP,GP100
GPa,GPa1
GPa,GPa2.
GPC,GPC5
GPC,GPC10
GPC,GPC20
GPC,GPC23
GPC,GPC25
GPC,GPC29
GPC,GPC32
GPe,GPe10
GPi,GPi10
GPi,GPi13
GPk,GPk10
GPk,GPk12
GPk,GPk14
GPl,GPl10
GrA,GrA10
GrB,GrB4
GrB,GrB10
GrC,GrC1
GrC,GrC12
GrD,GrD10
GRt,GRt1
GyR,GyR10
GRH,GRH1
GRH,GRH2
GRH,GRH3
GRH,GRH4
GRH,GRH5
GRH,GRH6
GRH,GRH7
GRH,GRH8
GRH,GRH9
GRH,GRH10
GRH,GRH11
GRH,GRH12
GRH,GRH20
GRi,GRi10
GRi,GRi50
GrM,GrM10
GrN,GrN10
GRo,GRo1
GRo,GRo7
GRo,GRo12
GRo,GRo18
GRo,GRo20
GRo,GRo35
GrR,GrR1
GrR,GrR3
GrR,GrR5
GrR,GrR6
GrR,GrR7
GrR,GrR10
GrR,GrR12
GrR,GrR15
GrR,GrR22
GrR,GrR30
GRv,GRv10
GS,GS3
GS,GS6
GS,GS7
GS,GS9
GS,GS14
GS,GS16
GSa,GSa10
GSc,GSc1
GSc,GSc2
GSc,GSc3
GSc,GSc4
GSc,GSc5
GSc,GSc6
GSc,GSc8
GSc,GSc10
GSc,GSc14
GSc,GSc17
GSc,GSc19
GSc,GSc20
GSi,GSi10
GSj,GSj1
GSj,GSj2
GSK,GSK1
GSn,GSn6
GSn,GSn10
GSs,GSsl
GSs,GSs2
GSs,GSs3
GSl,GSl10
GSl,GSl12
GSr,GSr10
GSt,GSt2
GSt,GSt3
GSt,GSt4
GSt,GSt5
GSt,GSt7
GSt,GSt8
GSt,GSt9
GSt,GSt10
GSt,GSt11
GSt,GSt12
GSt,GSt13
GSt,GSt14
GSt,GSt15
GSt,GSt17
GSt,GSt18
GSt,GSt19
GSt,GSt20
GSt,GSt30
GSy,GSy4
GSy,GSy7
GSy,GSy10
GSy,GSy11
GSy,GSy13
GSy,GSy17
GSy,GSy30
GSy,GSy40
GTh,GTh10
GTh,GTh12
GTh,GTh16
GTh,GTh18
GTh,GTh23
GTh,GTh24
GTh,GTh26
GTh,GTh28
GTh,GTh29
GTh,GTh30
GTh,GTh32
GTh,GTh34
GTh,GTh36
GTh,GTh52
GTh,GTh55
GTh,GTh57
GTh,GTh60
GTh,GTh62
GTi,GTi10
GTo,GTo1
GTo,GTo2
GTo,GTo9
GTr,GTr10
GTr,GTr12
GTz,GTz3
GTz,GTz10
GuB,GuB10
GuC,GuC10
GuE,GuE10
GuL,GuL10
GuS,GuS10
GuS,GuS12
GVe,GVe10
GvR,GvR10
GvS,GvS1
GvS,GvS2
GvS,GvS4
GvS,GvS5
GvS,GvS8
GvS,GvS11
GvS,GvS12
GvM,GvM7
GvM,GvM10
GvM,GvM12
GvM,GvM13
GvM,GvM14
GWg,GWg16
GWg,GWg23
GWh,GWh10
GxR,GxR10
GxR,GxR20
GyM,GyM4
GyM,GyM10
GyM,GyM20
GyM,GyM22
GyM,GyM24
GyM,GyM26
GyM,GyM30
GyM,GyM33
GyM,GyM35
GzB,GzB1
H,H1
H,H2
H,H3
H,H4
H,H5
H,H7
H,H8
H,H9
H,H10
H,H11
H,H12
H,H13
H,H14
H,H15
H,H16
H,H17
H,H18
H,H19
H,H20
H,H21
H,H22
H,H23
H,H24
H,H25
H,H26
H,H27
H,H28
H,H29
H,H30
H,H31
H,H32
H,H33
H,H34
H,H35
H,H36
H,H37
H,H38
H,H39
H,H40
H,H41
H,H42
H,H43
H,H44
H,H45
H,H46
H,H47
H,H48
H,H49
H,H50
H,H51
H,H52
H,H53
H,H57
H,H61
H,H65
H,H69
H,H73
H,H79
H,H80
H,H81
H,H82
H,H83
H,H84
H-TV,H54
H-TV,H55
H-TV,H56
H-TV,H58
H-TV,H59
H-TV,H60
H-TV,H62
H-TV,H63
H-TV,H64
H-TV,H66
H-TV,H67
H-TV,H68
H-TV,H70
H-TV,H71
H-TV,H72
H-TV,H74
H-TV,H75
H-TV,H76
H-TV,H77
H-TV,H78
HAA,HAA10
HAA,HAA15
HaB,HaB3
HaB,HaB9
HaB,HaB15
HaB,HaB24
HaB,HaB35
HaC,HaC10
HaF,HaF23
HaF,HaF29
HaF,HaF35
HaF,HaF37
HAG,HAG1
HaK,HaK20
HaM,HaM10
HaM,HaM11
HaR,HaR1
HaR,HaR10
HaR,HaR14
HaR,HaR18
HaR,HaR25
HaR,HaR28
HAs,HAs2
HAs,HAs3
HAs,HAs4
HAs,HAs6
HAs,HAs7
HAs,HAs9
HAs,HAs10
HAv,HAv10
HaW,HaW4
HaW,HaW9
HB,HB40
HB,HB70
HB,HB80
HB,HB85
HB,HB86
HB,HB95
HbD,HbD10
HBe,HBe1
HBe,HBe2
HBe,HBe3
HBe,HBe10
HBe,HBe15
HBe,HBe18
HBe,HBe20
HBH,HBH10
HBH,HBH15
HBH,HBH20
HBH,HBH25
HBH,HBH30
HBH,HBH31
HBH,HBH35
HBH,HBH60
HBH,HBH68
HBH,HBH70
HBH,HBH72
HBH,HBH75
HBH,HBH90
HBl,HBl10
HBl,HBl20
HBn,HBn8
HBn,HBn25
HBn,HBn30
HBn,HBn40
HBo,HBo10
HbR,HbR1
HbR,HbR2
HbR,HbR4
HbR,HbR5
HbR,HbR6
HbR,HbR7
HbR,HbR8
HbR,HbR9
HbR,HbR10
HbR,HbR15
HbR,HbR17
HbR,HbR18
HbR,HbR21
HbR,HbR22
HbR,HbR30
HbR,HbR31
HbR,HbR32
HbR,HbR34
HCa,HCa10
HCn,HCn10
HCo,HCo10
HCP,HCP1
HCP,HCP4
HCP,HCP5
HCP,HCP6
HCP,HCP10
HCP,HCP11
HCP,HCP12
HCP,HCP22
HCP,HCP24
HCP,HCP25
HCP,HCP28
HCs,HCs1
HCs,HCs3
HCs,HCs4
HCs,HCs6
HDA,HDA6
HDA,HDA7
HDc,HDc6
HDc,HDc50
HDl,HDl10
HDu,HDu10
HeB,HeB5
HeB,HeB10
HeB,HeB12
HeB,HeB15
HeD,HeD100
HeD,HeD101
HeD,HeD102
HeD,HeD103
HeD,HeD104
HeD,HeD105
HeD,HeD106
HeD,HeD107
HeD,HeD108
HeD,HeD109
HeD,HeD110
HeD,HeD111
HeD,HeD112
HeD,HeD113
HeD,HeD114
HeD,HeD115
HeD,HeD116
HeD,HeD117
HeD,HeD118
HeD,HeD119
HeD,HeD120
HeD,HeD121
HeD,HeD122
HeD,HeD123
HeD,HeD124
HeD,HeD125
HeD,HeD126
HeD,HeD127
HeH,HeH10
HeH,HeH12
HeL,HeL23
HeL,HeL30
HeL,HeL33
HeL,HeL50
HeM,HeM20
HeM,HeM30
HEs,HEs10
HeW,HeW1
HeW,HeW5
HeE,HeE10
HeK,HeK10
HFa,HFa1
HfK,HfK10
HFr,HFr18
HFr,HFr20
HFr,HFr30
HFr,HFr50
HGC,HGC2
HGC,HGC3
HGC,HGC5
HGC,HGC6
HGC,HGC14
HGC,HGC16
HGC,HGC17
HGC,HGC19
HGe,HGe10
HgH,HgH10
HGL,HGL6
HGL,HGL10
HGr,HGr5
HgS,HgS10
HH,HH9
HH,HH12
HH,HH13
HH,HH14
HH,HH15
HH,HH21
HH,HH22
HH,HH23
HH,HH25
HH,HH27
HH,HH28
HH,HH29
HH,HH30
HH,HH31
HH,HH33
HH,HH34
HH,HH36
HH,HH37
HH,HH41
HH,HH42
HHa,HHa3
HHa,HHa5
HHa,HHa10
HHa,HHa12
HHa,HHa13
HHa,HHa15
HHa,HHa16
HHa,HHa20
HHa,HHa21
HHa,HHa27
HHa,HHa28
HHa,HHa31
HHa,HHa32
HHa,HHa38
HHa,HHa39
HHa,HHa43
HHa,HHa47
HHa,HHa50
HHa,HHa53
HHa,HHa54
HHa,HHa56
HHa,HHa60
HHa,HHa65
HHa,HHa72
HHe,HHe1
HHo,HHo3
HHo,HHo5
HHo,HHo10
HHS,HHS1
HHS,HHS3
HHS,HHS6
HHS,HHS8
HHu,HHu1
HHu,HHu2
HIL,HIL5
HIL,HIL25
HiT,HiT15
HiT,HiT20
HiT,HiT35
HJ,HJ1
HJ,HJ5
HJ,HJ7
HJ,HJ9
HJ,HJ10
HJ,HJ12
HJ,HJ14
HJ,HJ18
HJB,HJB50
HJL,HJL10
HJS,HJS10
HK,HK25
HK,HK50
HK,HK56
HK,HK58
HK,HK66
HK,HK67
HK,HK69
HK,HK72
HK,HK75
HK,HK76
HK,HK77
HK,HK82
HK,HK86
HK,HK89
HK,HK91
HK,HK92
HK,HK94
HKa,Hka3
HKa,HKa10
HKa,HKa12
HKl,HKl17
HKl,HKl23
HKl,HKl30
HKl,HKl40
HKo,HKo6
HKo,HKo9
HKo,HKo10
HKo,HKo12
HKo,HKo13
HKo,HKo17
HKo,HKo18
HKo,HKo21
HKo,HKo22
HKo,HKo23
HKo,HKo24
HKo,HKo25
HKo,HKo26
HKo,HKo29
HKo,HKo30
HKo,HKo36
HKo,HKo39
HKo,HKo41
HKo,HKo43
HKu,HKu10
HKr,HKr10
HKr,HKr20
HKr,HKr30
HL,HL2
HL,HL5
HL,HL8
HL,HL20
HL,HLa35
HL,HLaD55
HL,HLa60
HL,HLa65
HL,HLa70
HL,HLa75
HLF,HLF10
HlH,HlH1
HlH,HlH2
HlH,HlH3
HlH,HlH9
HLu,HLu10
HLS,HLS10
HLv,HLv10
HMD,HMD1
HMF,HMF20
HMF,HMF22
HMF,HMF25
HMo,HMo10
HNe,HNe10
HNe,HNe12
HNe,HNe15
HNe,HNe17
HNe,HNe20
HNe,HNe25
HoB,HoB25
HoB,HoB35
HoB,HoB50
HoC,HoC10
HoD,HoD10
HoD,HoD20
HoD,HoD24
HoF,HoF10
HoG,HoG10
HoH,HoH10
HoH,HoH12
HoK,HoK5
HoK,HoK8
HoK,HoK10
HoK,HoK12
HoZ,HoZ5
HoZ,HoZ10
HoZ,HoZ12
HoZ,HoZ14
HoZ,HoZ18
HoZ,HoZ21
HoZ,HoZ23
HoZ,HoZ24
HPa,HPa10
HPC,HPC10
HPe,HPe10
HPo,HPo10
HPr,HPr10
HPr,HPr20
HpS,HpS10
HrC,HrC10
HrH,HrH1
HRi,HRi10
HRo,HRo2
HRo,HRo5
HRo,HRo10
HrR,HrR10
HrR,HrR12
HRv,HRv10
HSB,HSB18
HSc,HSc5
HSc,HSc15
HSh,HSh5
HSh,HSh10
HSm,HSm10
HSr,HSr10
HSu,HSu10
HtB,HtB10
HuC,HuC7
HuF,HuF8
HuH,HuH10
HuH,HuH15
HuH,HuH20
HuJ,HuJ10
HuW,HuW10
HuW,HuW12
HuW,HuW15
HuW,HuW22
HuW,HuW25
HVe,HVe10
HVe,HVe11
HvH,HvH10
HvH,HvH11
HvH,HvH12
HvH,HvH13
HvH,HvH14
HvP,HvP10
HWa,HWa9
HWe,HWe10
HwF,HwF10
HWi,HWi1
HwM,HwM10
HWo,HWo1
HWx,HWx5
HWx,HWx9
HWx,HWx10
HWx,HWx16
HWx,HWx17
HWx,HWx19
HWx,HWx20
HWx,HWx21
HWx,HWx22
HWx,HWx45
HWx,HWx54
HWx,HWx55
HWx,HWx60
HY,HY1
HY,HY10
HY,HY17
HY,HY20
HyA,HyA2
HyA,HyA3
HyA,HyA10
HyA,HyA30
HyC,HyC10
HyK,HyK10
HyM,HyM10
HyS,HyS10
IaS,IaS10
IAv,IAv4
IAv,IAv7
IAv,IAv10
IAv,IAv12
IAv,IAv14
IAv,IAv16
IAv,IAv18
IAv,IAv19
IAv,IAv20
IAv,IAv21
IAv,IAv25
IAv,IAv27
IB,IB8
IB,IB18
IB,IB19
IB,IB20
IB,IB21
IB,IB22
IB,IB30
IB,IB100
IB,IB101
IB,IB102
IB,IB103
IB,IB104
IB,IB105
IB,IB106
IB,IB107
IB,IB108
IB,IB109
IB,IB110
IB,IB111
IB,IB112
IB,IB113
IB,IB150
IBa,IBa7
IBa,IBa9
IBa,IBa10
IBa,IBa11
IBa,IBa12
IBa,IBa13
IBa,IBa16
IBa,IBa20
IBa,IBa22
IBa,IBa23
IBC,IBC10
IBd,IBd10
IBe,IBe4
IBe,IBe10
IBl,IBl10
IBl,IBl15
IBo,IBo2
IBo,IBo4
IBo,IBo5
IBo,IBo7
IBo,IBo10
IBo,IBo20
IBo,IBo27
IBo,IBo30
IBo,IBo35
IBy,IBy10
IBy,IBy15
ICa,ICa1
ICa,ICa3
ICa,ICa5
ICa,ICa6
ICa,ICa8
ICa,ICa9
ICa,ICa10
ICa,ICa20
ICa,ICa25
ICa,ICa27
ICd,ICd10
ICo,ICo10
ICr,ICr2
ICr,ICr4
ICr,ICr6
ICr,ICr7
ICr,ICr10
ICr,ICr16
ICr,ICr19
ICr,ICr24
ICr,ICr25
ICr,ICr27
ICr,ICr28
ICr,ICr30
ICr,ICr35
ICr,ICr36
ICr,ICr38
ICr,ICr40
ICr,ICr42
ICs,ICs1
ICs,ICs2
ICs,ICs3
ICs,ICs4
ICs,ICs5
ICs,ICs6
ICs,ICs7
ICs,ICs8
ICs,ICs9
ICs,ICs10
ICs,ICs11
ICt,ICt10
IDa,IDa10
IDa,IDa14
IDa,IDa17
IDa,IDa19
IdB,IdB10
IDk,IDk3
IDk,IDk4
IDk,IDk10
IDk,IDk30
IDk,IDk32
IdL,IdL1
IdL,IdL2
IdL,IdL3
IdL,IdL4
IdL,IdL5
IdL,IdL10
IdL,IdL11
IDu,IDu10
IDu,IDu16
IDu,IDu21
IDu,IDu22
IDu,IDu24
IDu,IDu28
IDx,IDx5
IDx,IDx10
IEy,IEy10
IF,IF15
IF,IF43
IF,IF75
IF,IF76
IF,IF77
IF,IF78
IF,IF79
IF,IF81
IF,IF83
IF,IF86
IF,IF87
IF,IF88
IF,IF89
IF,IF90
IF,IF91
IF,IF92
IF,IF98
IF,IF99
IF,IF100
IF,IF101
IF,IF103
IF,IF106
IF,IF108
IF,IF111
IF,IF112
IF,IF115
IF,IF120
IF,IF125
IF,IF129
IF,IF135
IFa,IFa8
IFa,IFa14
IFa,IFa17
IFa,IFa18
IFa,IFa24
IFa,IFa25
IFa,IFa28
IFa,IFa32
IFa,IFa34
IFa,IFa45
IFa,IFa50
IFD,IFD25
IFD,IFD50
IFo,IFo10
IFr,IFr4
IFr,IFr5
IFr,IFr6
IFr,IFr7
IFr,IFr8
IFr,IFr10
IFr,IFr12
IFr,IFr14
IFr,IFr18
IFr,IFr19
IFr,IFr25
IFr,IFr30
IFr,IFr33
IFr,IFr35
IFy,IFy10
IFy,IFy20
IFy,IFr40
IFy,IFr50
IFy,IFr51
IFy,IFr52
IFy,IFy27
IFy,JLG14
IFy,JLG15
IFy,JLG16
IFy,JLG21
IFy,JLG22
IFy,JLG25
IFy,JLG27
IFy,JLG28
IFy,JLG30
IFy,JLG40
IFy,JLG45
IFy,JLG50
IFy,JLG52
IFy,JLG55
IFy,JLG63
JLM,JLM2
JLM,JLM3
JLM,JLM5
JLM,JLM6
JLM,JLM8
JLM,JLM9
JLM,JLM10
JLM,JLM11
JLM,JLM12
JLM,JLM13
JLM,JLM14
JLM,JLM16
JLM,JLM17
JLM,JLM20
JLo,JLo4
JLo,JLo11
JLo,JLo17
JLo,JLo18
JLo,JLo23
JLo,JLo25
JLo,JLo26
JLo,JLo27
JLo,JLo30
JLp,JLp10
JLr,JLr10
JlS,JlS10
JLT,JLT10
JLT,JLT11
JLT,JLT12
JLT,JLT15
JLT,JLT17
JLT,JLT19
JLT,JLT21
JLT,JLT24
JLT,JLT27
JLT,JLT29
JLT,JLT32
JLT,JLT34
JLT,JLT35
JLT,JLT36
JLT,JLT39
JLT,JLT50
JLv,JLv10
JLy,JLy10
JLz,JLz2
JMa,JMa30
JMa,JMa50
JMa,JMa60
JMB,JMB3
JMB,JMB4
JMB,JMB5
JMB,JMB7
JmC,JmC10
JMd,JMd10
JMe,JMe1
JmF,JmF10
JmF,JmF20
JmF,JmF25
JMG,JMG4
JMG,JMG10
JMl,JMl1
JMn,JMn1
JMn,JMn2
JMn,JMn5
JMP,JMP10
JMr,JMr10
JMS,JMS1
JMS,JMS2
JMS,JMS7
JMS,JMS9
JMu,JMu3
JMw,JMw10
JN,JN2
JN,JN3
JN,JN7
JN,JN9
JN,JN10
JN,JN12
JN,JN13
JN,JN15
JN,JN16
JN,JN19
JN,JN20
JN,JN21
JN,JN23
JN,JN25
JN,JN31
JnC,JnC1
JnD,JnD6
JnD,JnD10
JnD,JnD11
JnD,JnD28
JnD,JnD31
JnD,JnD36
JnD,JnD39
JNi,JNi1
JNi,JNi10
JNi,JNi20
JnL,JnL10
JnL,JnL12
JnL,JnL13
JnL,JnL15
JnL,JnL18
JNm,JNm25
JNm,JNm30
JNm,JNm40
JNm,JNm60
JNm,JNm61
JNm,JNm62
JNm,JNm63
JNm,JNm64
JNm,JNm65
JNm,JNm66
JNm,JNm67
JNm,JNm68
JNm,JNm69
JnC,JnCN10
JnN,JnN10
JNo,JNo10
JNs,JNs100
JNs,JNs101
JNs,JNs102
JNs,JNs103
JNs,JNs104
JNs,JNs105
JNs,JNs106
JNs,JNs107
JNs,JNs108
JNs,JNs109
JNs,JNs110
JNs,JNs111
JNs,JNs112
JNs,JNs210
JnT,JnT10
JoA,JoA10
JoA,JoA13
JoA,JoA19
JoB,JoB10
JOC,JOC10
JoD,JoD5
JoD,JoD9
JoD,JoD11
JoD,JoD14
JoD,JoD20
JoD,JoD26
JoD,JoD30
JoD,JoD34
JoF,JoF1
JoF,JoF5
JoG,JoG1
JoG,JoG2
JoL,JoL2
JoL,JoL3
JoL,JoL4
JoL,JoL8
JoL,JoL9
JoM,JoM10
JoM,JoM15
JoO,JoO10
JoP,JoP2
JoP,JoP20
JoP,JoP25
JoP,JoP28
JoP,JoP40
JoP,JoP41
JoP,JoP42
JoP,JoP43
JoP,JoP44
JoP,JoP50
JoQ,JoQ10
JoR,JoR31
JoS,JoS1
JoS,JoS5
JoS,JoS10
JoS,JoS12
JoS,JoS13
JoS,JoS15
JoS,JoS16
JoS,JoS18
JoS,JoS20
JOx,JOx10
JPa,JPa7
JPa,JPa8
JPa,JPa10
JPa,JPa12
JPa,JPa14
JPd,JPd10
JPe,JPe10
JPH,JPH1
JPH,JPH2
JPH,JPH10
JPK,JPK10
JPK,JPK15
JPL,JPL10
JPM,JPM5
JPM,JPM10
JPR,JPR10
JPR,JPR25
Jpt,JPt10
JPy,JPy10
JqA,JqA10
JqB,JqB5
JqB,JqB15
JqB,JqB18
JqB,JqB20
JqB,JqB22
JqB,JqB25
JqB,JqB28
JqB,JqB38
JqD,JqD1
JqD,JqD2
JqD,JqD3
JqD,JqD4
JqD,JqD5
JqD,JqD7
JqD,JqD15
JqD,JqD28
JqF,JqF2
JqF,JqF4
JqF,JqF25
JqF,JqF40
JqF,JqR43
JqF,JqF50
JqM,JqM10
JqM,JqM11
JqR,JqR20
JqR,JqR43
JqR,JqR50
JqR,JqR55
JqS,JqS10
JqT,JqT1
JqT,JqT2
JqT,JqT4
JqT,JqT7
JqT,JqT8
JqT,JqT14
JR,JR1
JR,JR20
JR,JR25
JR,JR33
JR,JR35
JR,JR45
JR,JR50
JR,JR55
JR,JR60
JR,JR65
JR,JR70
JR,JR75
JR,JR77
JR,JR79
JR,JR81
JR,JR85
JR,JR92
JR,JR94
JR,JR96
JRa,JRa10
JrB,JrB10
JrF,JrF10
JrP,JrP10
JrP,JrP20
JrR,JrR10
JrS,JrS10
JRu,JRu1
JRu,JRu2
JRu,JRu3
JRu,JRu5
JRu,JRu12
JRu,JRu14
JS,JS1
JS,JS42
JSa,JSa10
JSb,JSb3
JSb,JSb5
JSb,JSb8
JSb,JSb10
JSb,JSb13
JSb,JSb20
JSb,JSb27
JsC,JsC10
JSd,JSd10
JSd,JSb20
JSe,JSe10
JsF,JsF10
JsF,JsF20
JSg,JSg5
JSg,JSg6
JSg,JSg10
JSg,JSg12
JSg,JSg18
JSg,JSg20
JSg,JSg22
JSg,JSg35
JSh,JSh1
JSh,JSh2
JSh,JSh4
JSh,JSh8
JSi,JSi10
JSk,JSk25
JsL,JsL10
JSn,JSn10
JSo,JSo10
JSo,JSo15
JSp,JSp1
JsS,JsS10
JSq,JSq10
JSt,JSt1
JSv,JSv10
JSv,JSv15
JSy,JSy10
JSz,JSz3
JSz,JSz4
JSz,JSz10
JSz,JSz12
JSz,JSz15
JT,JT1
JT,JT2
JT,JT3
JT,JT4
JT,JT5
JtF,JtF1
JtF,JtF3
JTg,JTg4
JTg,JTg5
JTg,JTg7
JTh,JTh10
JTl,JTl9
JTM,JTM10
JTo,JTo3
JTo,JTo5
JTo,JTo7
JTo,JTo15
JTu,JTu10
JTu,JTu14
JTu,JTu15
JuA,JuA100
JuA,JuA101
JuA,JuA102
JuA,JuA103
JuA,JuA104
JuA,JuA105
JuA,JuA106
JuA,JuA107
JuB,JuB100
JuB,JuB101
JuB,JuB102
JuB,JuB103
JuB,JuB104
JuD,JuD3
JuD,JuD5
JuD,JuD7
JuD,JuD8
JuD,JuD9
JuD,JuD10
JuD,JuD13
JuD,JuD15
JuD,JuD16
JuD,JuD19
JuD,JuD20
JuJ,JuJ1
JuJ,JuJ2
JuJ,JuJ3
JuJ,JuJ4
JuJ,JuJ5
JuJ,JuJ10
JuJ,JuJ15
JuJ,JuJ17
JuJ,JuJ19
JuS,JuS10
JuT,JuT5
JuT,JuT15
JuW,JuW10
JVi,JVi10
JVi,JVi11
JVi,JVi23
JVK,JVK30
JVK,JVK35
JVm,JVm10
JVm,JVm17
JVD,JVD5
JW,JW1
JW,JW2
JW,JW4
JW,JW6
JW,JW9
JW,JW11
JW,JW17
JW,JW18
JWa,JWa1
JWa,JWa2
JWB,JWB10
JWe,JWe1
JWe,JWe3
JWe,JWe5
JWe,JWe6
JWe,JWe7
JWe,JWe12
JWg,JWg10
JWH,JWH30
JWH,JWH40
JWH,JWH48
JWH,JWH50
JWH,JWH60
JWH,JWH70
JWH,JWH80
JWH,JWH100
JWR,JWR8
JWR,JWR9
JWR,JWR12
JWR,JWR13
JWy,JWy10
JWy,JWy15
JyR,JyR2
JyR,JyR4
JZa,JZa10
JzG,JzG10
JZi,JZi10
JzS,JzS10
JZu,JZu10
JZu,JZu15
KaA,KaA9
KaA,KaA10
KaS,KaS20
KBg,KBg8
KBg,KBg10
KBg,KBg15
KBi,KBi5
KBi,KBi10
KBr,KBr1
KBr,KBr3
KBr,KBr10
KBr,KBr12
KBr,KBr14
KBr,KBr16
KBr,KBr18
KBu,KBu50
KBw,KBw10
KCm,KCm10
KCo,KCo15
KCo,KCo10
KCo,KCo20
KCo,KCo22
KCo,KCo25
KDo,KDo10
KDr,KDr15
KeA,KeA10
KeA,KeA19
KeA,KeA23
KeA,KeA25
KeA,KeA26
KeA,KeA31
KeA,KeA32
KeA,KeA34
KeA,KeA36
KeA,KeA38
KeA,KeA43
KeC,KeC1
KeC,KeC5
KeC,KeC7
KeD,KeD10
KeG,KeG10
KeH,KeH10
KeR,KeR10
KeS,KeS10
KFi,KFi10
KFr,KFr1
KFr,KFr10
KFu,KFu10
KFu,KFu30
KgD,KgD10
KHe,KHe10
KHi,KHi20
KHt,KHt1
KHt,KHt5
KHu,KHu13
KHu,KHu18
KHu,KHu19
KHu,KHu21
KHu,KHu22
KIW,KIW10
KKw,KKw10
KLe,KLe1
KLo,KLo15
KLo,KLo40
KLo,KLo43
KLo,KLo46
KLo,KLo48
KLo,KLo51
KLo,KLo55
KLo,KLo56
KMa,KMa10
KMz,KMz55
KMz,KMz57
KMz,KMz70
KMz,KMz75
KoI,KoI10
KOr,KOr1
KOr,KOr2
KPe,KPe10
KrD,KrD10
KrK,KrK30
KrK,KrK35
KrK,KrK38
KrK,KrK39
KRu,KRu2
KRu,KRu4
KRu,KRu6
KRu,KRu8
KRu,KRu9
KRu,KRu10
KRu,KRu12
KRu,KRu16
KRu,KRu20
KRu,KRu22
KRu,KRu23
KRu,KRu25
KRu,KRu28
KRu,KRu30
KRu,KRu32
KRu,KRu37
KRz,KRz4
KRz,KRz14
KRz,KRz25
KRz,KRz32
KRz,KRz36
KRz,KRz40
KRz,KRz50
KTI,KTI10
KSa,KSa10
KSh,KSh10
KSm,KSm1
KSm,KSm3
KSm,KSm5
KSp,KSp1
KSR,KSR20
KSR,KSR30
KSR,KSR35
KSt,KSt10
KuA,KuA10
KuF,KuF10
KuF,KuF11
KuN,KuN4
KuN,KuN5
KuN,KuN12
KuN,KuN14
KuN,KuN30
KuN,KuN33
KuN,KuN36
KuN,KuN40
KuN,KuN42
KuN,KuN45
KuN,KuN46
KuN,KuN49
KuN,KuN50
KV,KV23
KV,KV24
KV,KV25
KV,KV26
KV,KV27
KV,KV32
KV,KV34
KV,KV38
KV,KV40
KV,KV42
KV,KV43
KV,KV50
KV,KV54
KV,KV55
KV,KV56
KV,KV58
KV,KV59
KV,KV60
KV,KV61
KV,KV62
KV,KV64
KvR,KvR10
KvY,KvY10
KW,KW10
KWW,KWW8
KWW,KWW10
KWW,KWW14
KWW,KWW16
KZs,KZs18
LaB,LaB10
LaB,LaB30
LaB,LaB31
LaC,LaC20
LaC,LaC25
LaC,LaC35
LaH,LaH10
LaJ,LaJ13
LaJ,LaJ18
LaJ,LaJ20
LAl,LAl2
LAl,LAl4
LAl,LAl17
LaK,LaK1
LaK,LaK2
LaK,LaK9
LaK,LaK13
LaK,LaK14
LaK,LaK15
LaK,LaK16
LaK,LaK18
LAn,LAn1
LAr,LAr2
LAr,LAr4
LAr,LAr8
LaW,LaW10
LB,LB1
LB,LB2
LB,LB9
LB,LB13
LB,LB14
LB,LB18
LB,LB19
LB,LB24
LB,LB25
LB,LB26
LB,LB27
LB,LB28
LB,LB30
LB,LB32
LB,LB33
LB,LB34
LB,LB35
LBe,LBe10
LBe,LBe15
LBe,LBe16
LBF,LBF10
LBu,LBu1
LBn,LBn10
LBn,LBn30
LBv,LBv10
LBx,LBx4
LBx,LBx5
LBx,LBx6
LCa,LCa10
LCa,LCa14
LCh,LCh1
LCh,LCh2
LCh,LCh5
LCh,LCh14
LCh,LCh15
LCh,LCh25
LCh,LCh31
LCh,LCh39
LCh,LCh45
LCl,LCl10
LCo,LCo10
LcP,LcP15
LCs,LCs10
LDc,LDc5
LDF,LDF10
LDo,LDo10
LeG,LeG12
LeG,LeG23
LeG,LeG33
LeG,LeG36
LeG,LeG40
Leh,Leh10
Leh,Leh20
Leh,Leh21
LeJ,LeJ8
LeJ,LeJ10
LeJ,LeJ12
LeK,LeK10
LeN,LeN3
LeN,LeN4
LeN,LeN8
LeN,LeN10
LeN,LeN12
LeP,LeP10
LeR,LeR5
LeR,LeR15
LeR,LeR25
LeS,LeS80
LeS,LeS100
LeS,LeS110
LeB,LeB10
LeG,LeG5
LeG,LeG10
LFo,LFo10
LFr,LFr10
LFZ,LFZ1
LFl,LFl30
LFl,LFl50
LFl,LFl70
LgC,LgC10
LgC,LgC30
LGG,LGG10
LGr,LGr10
LGt,LGt19
LGt,LGt23
LGt,LGt25
LGt,LGt31
LGt,LGt32
LGt,LGt33
LGt,LGt40
LGt,LGt45
LHa,LHa1
LHa,LHa5
LHa,LHa10
LHa,LHa16
LHa,LHa17
LHe,LHe2
LHe,LHe4
LHe,LHe10
LHe,LHe30
LHh,LHh10
LHK,LHK3
LHK,LHK12
LHM,LHM10
LHM,LHM3
LHM,LHM15
LHM,LHM15-
LHo,LHo1
LHo,LHo2
LiA,LiA10
LiA,LiA20
LiA,LiA30
LiA,LiA50
LiB,LiB1
LiB,LiB2
LIC,LIC10
LIC,LIC20
LIC,LIC30
LIC,LIC40
LiH,LiH10
LiS,LiS10
LiW,LiW7
LiW,LiW8
LiW,LiW9
LiW,LiW10
LiW,LiW14
LiW,LiW20
LiW,LiW25
LiW,LiW30
LiY,LiY20
LJe,LJe1
LJe,LJe2
LJe,LJe4
LJo,LJo10
LKa,LKa1
LLa,LLa5
LLa,LLa10
LlB,LlB21
LlB,LlB35
LlB,LlB36
LlB,LlB40
LlB,LlB53
LlB,LlB55
LlB,LlB57
LlB,LlB61
LlB,LlB62
LlB,LlB64
LlB,LlB67
LlB,LlB68
LlB,LlB78
LlB,LlB83
LlB,LlB85
LlB,LlB90
LlB,LlB95
LlB,LlB97
LlB,LlB100
LlF,LlF1
LLG,LLG10
LlH,LlH10
LLl,LLl10
LM,LM2
LM,LM9
LM,LM10
LM,LM11
LM,LM15
LM,LM17
LM,LM20
LM,LM22
LM,LM25
LM,LM26
LM,LM29
LM,LM32
LM,LM38
LM,LM100
LM,LM110
LMa,LMa2
LMa,LMa4
LMa,LMa5
LMa,LMa10
LMa,LMa18
LMa,LMa19
LMa,LMa21
LMa,LMa23
LMa,LMa24
LMa,LMa26
LMa,LMa35
LMa,LMa37
LMa,LMa40
LMC,LMC6
LMC,LMC9
LMC,LMC12
LMC,LMC13
LMC,LMC14
LMC,LMC15
LMC,LMC16
LMC,LMC18
LMC,LMC19
LMC,LMC23
LMe,LMe10
LMf,LMf10
LMg,LMg10
LMi,LMi5
LMo,LMo10
LMy,LMy3
LnK,LnK10
LNm,LNm10
LNm,LNm14
LOb,Lob9
LOb,LOb10
LOb,LOb13
LoG,LoG40
LoK,LoK3
LoK,LoK9
LoK,LoK20
LoK,LoK30
LoK,LoK50
LOl,LOl1
LOl,LOl2
LOl,LOl3
LOl,LOl4
LoM,LoM2
LoM,LoM6
LoM,LoM10
LoM,LoM20
LoS,LoS2
LoS,LoS3
LoS,LoS10
LoW,LoW5
LoW,LoW10
LoW,LoW11
LoW,LoW12
LoW,LoW14
LPe,LPe3
LPe,LPe7
LPe,LPe10
LPe,LPe15
LPh,LPh4
LPh,LPh10
LPh,LPh15
LPi,LPi10
LPi,LPi20
LPo,LPo10
LPs,LPs10
LPu,LPu1
LQJ,LQJ10
LrA,LrA10
LRF,LRF15
LRF,LRF20
LSc,LSc10
LSh,LSh1
LSm,LSm10
LSm,LSm13
LSm,LSm17
LSt,LSt10
LSw,LSw10
LTa,LTa10
LTu,LTu10
LTu,LTu30
LuB,LuB5
LuB,LuB15
LuB,LuB20
LuB,LuB21
LuC,LuC10
LuD,LuD1
LuD,LuD4
LuH,LuH8
LuH,LuH10
LUl,LUl10
LuM,LuM10
LuM,LuM13
LuM,LuM16
LuM,LuM21
LuM,LuM25
LuP,LuP30
LuR,LuR8
LuR,LuR10
LuV,LuV1
LuV,LuV3
LuV,LuV20
LuV,LuV30
LuV,LuV40
LuV,LuV50
LuV,LuV60
LuV,LuV64
LuV,LuV68
LuV,LuV80
LVa,LVa10
LVa,LVa12
LvK,LvK8
LvT,LvT10
LvT,LvT20
LvT,LvT25
LWo,LWo10
LwS,LwS90
LwS,LwS130
LwS,LwS150
LwS,LwS160
LwS,LwS166
LwS,LwS180
LwS,LwS190
LwT,LwT10
LwT,LwT20
LwT,LwT30
LwT,LwT33
LwT,LwT39
LwT,LwT50
LyD,LyD10
LyL,LyL1
MA,MA2
MA,MA3
MA,MA4
MA,MA5
MA,MA6
MA,MA8
MA,MA38
MaA,MaA10
MaB,MaB1
MaB,MaB10
MaB,MaB30
MaC,MaC1
MaC,MaC8
MaC,MaC10
MaC,MaC11
MaC,MaC12
MaC,MaC15
MAD,MAD10
MaG,MaG10
MaH,MaH10
MaH,MaH15
MaI,MaI10
MMj,MMj10
MAk,MAk10
MAl,MAl5
MAl,MAl13
MaM,MaM1
MaM,MaM2
MaN,MaN30
MaN,MaN35
MaN,MaN40
MaN,MaN50
MAp,MAp24
MAp,MAp25
MAp,MAp29
MAp,MAp39
MAp,MAp42
MAp,MAp43
MAp,MAp45
MAp,MAp47
MAp,MAp50
MAp,MAp51
MaT,MaT10
MaT,MaT25
MaT,MaT27
MaT,MaT40
MAu,MAu10
MB,MB1
MB,MB2
MB,MB3
MB,MB4
MB,MB5
MB,MB6
MB,MB9
MB,MB10
MB,MB15
MB,MB17
MB,MB20
MB,MB22
MBa,MBa27
MBb,MBb10
MBb,MBb15
MBd,MBd10
MBe,MBe1
MBe,MBe2
MBe,MBe4
MBe,MBe8
MBe,MBe10
MBe,MBe18
MBg,MBg10
MBi,MBi10
MBk,MBk10
MBl,MBl5
MBm,MBm1
MBm,MBm3
MBn,MBn10
MBo,MBo7
MBo,MBo10
MBo,MBo11
MBo,MBo16
MBo,MBo17
MBr,MBr1
MBr,MBr4
MBr,MBr5
MBr,MBr10
MBr,MBr19
MBr,MBr25
MBu,MBu10
MBy,MBy2
MBy,MBy5
MC,MC3
MC,MC4
MC,MC5
MC,MC6
MC,MC7
MC,MC8
MC,MC9
MC,MC11
MCa,MCa10
MCb,MCb10
MCC,MCC12
MCf,MCr10
MCg,MCg10
MCh,MCh1
MCh,MCh2
MCh,MCh5
MCi,MCi1
MCi,MCi2
MCi,MCi3
MCi,MCi10
MCJ,MCJ1
MCJ,MCJ10
MCJ,MCJ12
MCJ,MCJ14
MCJ,MCJ16
MCJ,MCJ18
MCm,MCm1
McR,McR50
MCs,MCs3
MCs,MCs10
MCy,MCy2
MCy,MCy5
MCy,MCy8
MCy,MCy10
MCy,MCy11
MDa,MDa5
MDa,MDa10
MdC,MdC10
MdC,MdC16
MdH,MdH10
MDi,MDi10
MdJ,MdJ10
MDn,MDn10
MdO,MdO10
MdO,MdO60
MdO,MdO62
MdO,MdO70
MdO,MdO75
MdO,MdO81
MdO,MdO85
MdO,MdO87
MdO,MdO115
MdO,MdO121
MdV,MdV5
MdV,MdV10
MdV,MdV14
MDK,MDK10
MDw,MDw10
ME,ME180
ME,ME240
MeC,MeC10
MeF,MeF10
MeG,MeG12
MeG,MeG15
MeG,MeG30
MeG,MeG40
MeG,MeG51
MEk,MEk10
MeR,MiM10
MeR,MiM13
MHe,MHe11
MEl,MEl10
MeS,MeS10
MeW,MeW10
MeW,MeW30
MF,MF2
MF,MF4
MF,MF5
MF,MF6
MF,MF7
MF,MF8
MF,MF9
MF,MF15
MF,MF18
MFe,MFe10
MFe,MFe25
MFe,Mfe40
MFi,MFi10
MFi,MFi15
MFi,MFi16
MFi,MFi18
MFi,MFi20
MFi,MFi22
MFo,MFo10
MFr,MFr1
MFr,MFr2
MFr,MFr5
MFr,MFr16
MFr,MFr23
MFr,MFr29
MFr,MFr33
MFr,MFr40
MGA,MGA14
MGe,MGe5
MGe,MGe10
MGe,MGe12
MGo,MGo5
MGo,MGo10
MGP,MGP10
MGr,MGr10
MGr,MGr15
MgT,MgT10
MGw,MGw5
MGy,Mgy5
MHa,MHa10
MHe,MHe10
MHe,MHe15
MHo,MHo10
MiA,MiA6
MiA,MiA8
MiA,MiA11
MiA,MiA18
MiA,MiA22
MiA,MiA24
MiA,MiA25
MiA,MiA27
MiB,MiB10
MiC,MiC5
MiC,MiC11
MiC,MiC15
MiC,MiC20
MiC,MiC25
MiD,MiD10
MiD,MiD20
MiG,MiG3
MiG,MiG25
MiG,MiG27
MiG,MiG30
MiG,MiG35
MiG,MiG45
MiG,MiG50
MiH,MiH10
MiH,MiH15
MiH,MiH18
MiJ,MiJ5
MiJ,MiJ10
MiJ,MiJ12
MiJ,MiJ15
MiK,MiK1
MiK,MiK2
MiK,MiK10
MiL,MiL4
MiL,MiL5
MiL,MiL7
MiL,MiL12
MiL,MiL20
MiL,MiL22
MiL,MiL24
MiL,MiL28
MiL,MiL29
MiM,MiM10
MiP,MiP10
MiR,MiR5
MiR,MiR10
MiR,MiR21
MiS,MiS3
MiT,MiT1
MiT,MiT3
MiT,MiT8
MiT,MiT15
MiW,MiW12
MiW,MiW18
MiW,MiW20
MiW,MiW21
MiW,MiW22
MiW,MiW23
MiW,MiW27
MiW,MiW30
MiW,MiW35
MiW,MiW40
MiW,MiW43
MJu,MJu10
MKa,MKa10
MKa,MKa15
MKb,MKb10
MkD,MkD10
MkD,MkD11
MkD,MkD12
MkG,MkG12
MkG,StK15
MKi,MKi10
MkJ,MkJ11
MkK,MkK10
MkP,MkP1
MkR,MkR10
MhR,MhR1
MkS,MkS10
MkT,MkT10
MKv,MKv35
MKy,MKy15
ML,ML6
ML,ML8
ML,ML9
ML,ML10
ML,ML12
ML,ML13
ML,ML14
ML,ML15
ML,ML17
ML,ML18
ML,ML21
ML,ML30
MLa,MLa10
MLa,MLa19
MlB,MlB10
MLd,MLd10
MlC,MlC10
MlC,MlC15
MLe,MLe10
MlG,MlG1
MlG,MlG5
MLH,MLH5
MLH,MLH10
MLH,MLH20
MLi,MLi10
MlL,MlL1
MLn,MLn10
MLm,MLm1
MLm,MLm5
MlP,MlP10
MLR,MLR4
MLR,MLR6
MLR,MLR7
MLR,MLR8
MLR,MLR11
MLR,MLR12
MLR,MLR14
MLR,MLR16
MLR,MLR18
MLR,MLR22
MLR,MLR23
MLR,MLR27
MLR,MLR29
MLR,MLR30
MLR,MLR31
MLR,MLR32
MLR,MLR34
MLR,MLR35
MLR,MLR39
MLR,MLR40
MLR,MLR42
MLR,MLR43
MLR,MLR50
MLs,MLs10
MLt,MLt5
MLt,MLt10
MLt,MLt15
MLt,MLt20
MLt,MLt22
MLu,MLu10
MlW,MlW5
MlW,MlW10
MM,MM10
MM,MM20
MM,MM25
MM,MM30
MM,MM33
MM,MM37
MM,MM41
MMG,MMG10
MMi,MMi10
MMi,MMi20
MMi,MMi21
MmL,MmL10
MmL,MmL12
MMo,MMo10
MMy,MMy10
MMz,MMz10
MN,MN1
MN,MN2
MN,MN3
MN,MN4
MN,MN5
MN,MN6
MN,MN8
MN,MN11
MN,MN15
MN,MN20
MN,MN22
MN,MN25
MN,MN27
MN,MN28
MN,MN31
MNa,MNa13
MnB,MnB10
MnB,MnB22
MNe,MNe10
MNe,MNe18
MNe,MNe20
MNe,MNe22
MNe,MNe24
MNe,MNe25
MNe,MNe26
MNe,MNe29
MnK,MnK20
MNo,MNo10
MnP,MnP10
MNv,MNv10
MoA,MoA10
MoB,MoB10
MoF,MoF1
MoF,MoF6
MoH,MoH3
MoH,MoH10
MOp,MOp4
MOp,MOp12
MOp,MOp14
MOp,MOp15
MOp,MOp16
MOp,MOp18
MOp,MOp19
MOp,MOp20
MOp,MOp21
MOp,MOp22
MOp,MOp30
MoT,MoT1
MoT,MoT10
MoT,MoT12
MP,MP2
MP,MP4
MP,MP6
MP,MP8
MP,MP9
MP,MP11
MP,MP12
MP,MP13
MP,MP15
MP,MP17
MP,MP18
MP,MP19
MP,MP25
MP,MP31
MP,MP35
MP,MP47
MPa,MPa1
MPa,MPa3
MPa,MPa4
MPa,MPa5
MPa,MPa7
MPe,MPe10
MPi,MPi23
MPi,MPi40
MPi,MPi42
MPi,MPi45
MPi,MPi50
MPl,MPl10
MPo,MPo10
MPr,MPr1
MPr,MPr4
MPr,MPr6
MPr,MPr10
MPr,MPr11
MPr,MPr25
MR,MR2
MR,MR3
MR,MR4
MR,MR9
MR,MR11
MR,MR12
MR,MR13
MR,MR14
MR,MR15
MR,MR17
MR,MR19
MR,MR21
MR,MR25
MR,MR29
MR,MR30
MR,MR34
MRa,MRa10
MRb,MRb10
MRb,MRb15
MRc,MRc10
MrD,MrD2
MRe,MRe7
MRm,MRm10
MRm,MRm20
MrN,MrN12
MRo,MRo10
MRP,MRP10
MRP,MRP14
MRr,MRr5
MRs,MRs1
MRs,MRs2
MRs,MRs13
MRs,MRs16
MRs,MRs21
MRs,MRs25
MRs,MRs32
MRs,MRs36
MRs,MRs39
MRs,MRs41
MRs,MRs43
MRt,MRt3
MRt,MRt5
MRt,MRt6
MRt,MRt7
MRt,MRt8
MRt,MRt11
MRt,MRt15
MRt,MRt18
MRt,MRt20
MRt,MRt25
MRt,MRt27
MRh,MRh10
MRv,MRv6
MRy,MRy1
MRy,MRy5
MRy,MRy7
MRy,MRy9
MRy,MRy10
MRy,MRy19
MRy,MRy21
MS,MS1
MS,MS2
MS,MS3
MS,MS4
MS,MS5
MS,MS7
MS,MS10
MS,MS18
MS,MS19
MS,MS20
MS,MS21
MS,MS22
MS,MS23
MS,MS25
MS,MS26
MS,MS28
MS,MS30
MS,MS32
MS,MS34
MSa,MSa6
MSa,MSa7
MSa,MSa8
MSa,MSa9
MSa,MSa10
MSa,MSa12
MSb,MSb10
MSC,MSC10
MSe,MSe10
MSe,MSe15
MSe,MSe18
MSf,MSf10
MSf,MSf15
MSJ,MSJ10
MSL,MSL10
MSL,MSL15
MSm,MSm10
MSm,MSm14
MSm,MSm17
MSo,MSo10
MSp,MSp2
MSp,MSp5
MSp,MSp10
MSr,MSr10
MSt,MSt30
MSt,MSt40
MSt,MSt53
MSw,MSw10
MSz,MSz8
MSz,MSz10
MSz,MSz11
MSz,MSz15
MSz,MSz25
MtB,MtB16
MtC,MtC10
MtC,MtC12
MtC,MtC15
MtD,MtD10
MTh,MTh10
MtM,MtM10
MtR,MtR1
MtR,MtR5
MtR,MtR10
MTU,MTU10
MuB,MuB5
MuK,MuK10
MvC,MvC10
MvC,MvC20
MvC,MvC30
MvD,MvD10
MVh,MVh10
MVP,MVP5
MVP,MVP10
MVP,MVP20
MVP,MVP22
MVP,MVP40
MVP,MVP47
MvS,MvS1
MvS,MvS2
MvS,MvS3
MvS,MvS4
MvS,MvS6
MvS,MvS10
MvS,MvS12
MvT,MvT10
MWa,MWa4
MWa,MWa10
MwB,MwB10
MWid,MWid15
MWid,MWid16
MWl,MWl10
MWe,MWe10
MWe,MWe12
MWe,MWe15
MWu,MWu10
MWz,MWz10
MxA,MxA10
MxB,MxB10
MxS,MxS12
MYa,MYa20
MyH,MyH10
MyR,MyR10
MyS,MyS10
MZ,MZ1
MZ,MZ15
MZa,MZa5
MZa,MZa10
MzN,MzN4
MzN,MzN10
MzN,MzN15
NAb,NAb10
NAC,NAC10
NaM,NaM3
NBa,NBa10
NBr,NBr10
NBr,NBr17
NcC,NcC10
NcG,NcG10
NCh,NCh10
NcM,NcM10
NCo,NCo11
NCs,NCs10
NeJ,NeJ10
NeJ,NeJ12
NeJ,NeJ14
NeJ,NeJ15
NeJ,NeJ16
NeJ,NeJ20
NeJ,NeJ22
NeJ,NeJ28
NeJ,NeJ29
NF,NF3
NF,NF4
NF,NF6
NF,NF7
NF,NF9
NF,NF10
NF,NF12
NF,NF13
NF,NF14
NF,NF16
NF,NF21
NF,NF25
NF,NF27
NF,NF29
NF,NF30
NFi,NFi10
NGp,NGp10
NGr,NGr10
NGr,NGr20
NHa,NHa10
NHy,NHy10
NHy,NHy15
NHy,NHy17
NiC,NiC10
NiC,NiC30
NiG,NiG10
NiG,NiG20
NiM,NiM5
NiM,NiM12
NiM,NiM13
NiM,NiM20
NiM,NiM30
NiP,NiP10
NiP,NiP17
NiR,NiR1
NiR,NiR2
NiR,NiR3
NiR,NiR4
NiR,NiR20
NiR,NiR30
NiR,NiR31
NiR,NiR40
NiR,NiR42
NIs,NIs10
NJ,NJ5
NJ,NJ6
NJ,NJ7
NJ,NJ8
NJ,NJ11
NJ,NJ12
NJ,NJ13
NJ,NJ14
NJ,NJ15
NJ,NJ16
NJ,NJ20
NJ,NJ25
NJ,NJ30
NJ,NJ34
NJ,NJ42
NJi,NJi10
NJu,NJu3
NJu,NJu9
NJu,NJu10
NJu,NJu12
NJu,NJu20
NkM,NkM10
NKo,NKo15
NKo,NKo25
NKp,NKp10
NKp,NKp12
NKp,NKp22
NKp,NKp30
NKp,NKp40
NKz,NKz10
NLB,NLB10
NLB,NLB11
NLB,NLB12
NLl,NLl93
NLl,NLl94
NLl,NLl95
NLl,NLl96
NLl,NLl97
NLl,NLl98
NLl,NLl99
NLl,NLl100
NLl,NLl101
NLl,NLl102
NLl,NLl103
NLl,NLl104
NLl,NLl105
NLl,NLl106
NLl,NLl107
NLl,NLl108
NLl,NLl109
NLl,NLl110
NLl,NLl111
NLl,NLl112
NLl,NLl113
NLl,NLl114
NLl,NLl115
NlM,NlM10
NMe,NMe10
NML,NML1
NML,NML2
NML,NML4
NML,NML5
NML,NML7
NML,NML10
NML,NML20
NML,NML21
NML,NML24
NML,NML26
NML,NML31
NMv,NMv1
NMv,NMv8
NMa,NMa10
NnM,NnM10
NNo,NNo1
NNo,NNo2
NNo,NNo3
NNo,NNo4
NNo,NNo5
NNo,NNo7
NNo,NNo8
NNo,NNo11
NNo,NNo13
NNo,NNo16
NoB,NoB3
NoB,NoB10
NoE,NoE1
NoE,NoE3
NoE,NoE5
NoE,NoE8
NoL,NoL20
NoL,NoL26
NoM,NoM10
NOs,NOs2
NOs,NOs3
NOs,Nos12
NOs,NOs30
NOs,NOs35
NoT,NoT3
NoT,NoT5
NoT,NoT10
NoT,NoT12
NoT,NoT15
NOx,NOx20
NPa,NPa3
NPk,NPk10
NPS,NPS25
NR,NR1
NR,NR2
NR,NR4
NR,NR5
NR,NR7
NR,NR8
NR,NR10
NR,NR11
NR,NR14
NR,NR19
NR,NR20
NRe,NRe6
NRe,NRe10
NSg,NSg10
NSi,NSi10
NSm,NSm10
NSv,NSv10
NT,NT20
NT,NT30
NT,NT31
NT,NT32
NT,NT36
NT,NT40
NT,NT44
NT,NT45
NT,NT50
NT,NT55
NT,NT60
NT,NT70
NT,NT75
NT,NT92
NT,NT94
NT,NT105
NT,NT110
NT,NT120
NT,NT121
NT,NT127
NT,NT128
NuJ,NuJ1
NuJ,NuJ2
NuJ,NuJ3
NuJ,NuJ4
NuJ,NuJ6
NuJ,NuJ7
NyA,NyA10
nYo,nYo15
OKa,OKa10
OlA,OlA10
OlA,OlA14
OlA,OlA16
OlH,OlH1
OlS,OlS3
OlS,OlS9
OlS,OlS12
OlS,OlS15
OlS,OlS17
OlS,OlS18
OlS,OlS20
OlS,OlS22
OlS,OlS23
OlS,OlS25
OlS,OlS27
OP,OP8
OP,OP10
OP,OP12
OP,OP13
OP,OP14
OP,OP15
OP,OP18
OP,OP20
OP,OP23
OP,OP24
OP,OP26
OP,OP28
OP,OP30
OP,OP31
OP,OP32
OP,OP33
OP,OP34
OP,OP40
OP,OP44
OP,OP50
OPa,OPa1
OPa,OPa2
OSo,OSo10
OW,OW1
OW,OW2
OW,OW3
OW,OW4
OW,OW5
OW,OW6
OW,OW7
OW,OW8
OW,OW9
OW,OW10
OW,OW11
OW,OW13
OzS,OzS10
PAa,PAal
PaB,PaB10
PaC,PaC10
PaC,PaC20
PaC,PaC24
PAd,PAd1
PAd,PAd2
PAd,PAd3
PAd,PAd4
PAd,PAd13
PAd,PAd14
PAd,PAd17
PaF,PaF10
PaH,PaH50
PaH,PaH51
PaH,PaH52
PaH,PaH53
PaH,PaH54
PaH,PaH55
PaH,PaH60
PaH,PaH61
PaH,PaH106
PaH,PaH107
PaH,PaH108
PaH,PaH109
PaH,PaH110
PaH,PaH111
PaH,PaH113
PaH,PaH114
PaH,PaH115
PaH,PaH116
PaH,PaH117
PaH,PaH118
PaH,PaH119
PaH,PaH120
PaH,PaH121
PaH,PaH122
PaH,PaH123
PaH,PaH124
PaH,PaH125
PaH,PaH126
PaH,PaH127
PaH,PaH128
PaH,PaH215
PaJ,PaJ10
PaJ,PaJ60
PAl,PAl1
PAl,PAl4
PAl,PAl6
PAl,PAl8
PAl,PAl10
PAl,PAl12
PAl,PAl14
PAl,PAl16
PAl,PAl18
PAl,PAl20
PAl,PAl21
PaM,PaM10
PAn,PAn10
PaP,PaP2
PaP,PaP10
PaP,PaP15
PaP,PaP19
PaP,PaP20
PaP,PaP25
PAR,PAR10
PAR,PAR14
PaS,PaS10
PAu,PAu10
PaW,PaW14
PB,PB1
PB,PB10
PB,PB12
PBa,PBa1
PBa,PBa3
PBa,PBa4
PBa,PBa6
PBa,PBa8
PBa,PBa9
PBa,PBa12
PBe,PBe10
PBi,PBi10
PBm,PBm1
PBm,PBm2
PBo,PBo2
PBo,PBo3
PBo,PBo5
PBo,PBo6
PBo,PBo9
PBo,PBo11
PBo,PBo15
PBo,PBo20
PBo,PBo22
PBz,PBz10
PCa,PCa10
PCh,PCh10
PCh,PCh15
PCo,PCo11
PCo,PCo12
PCo,PCo17
PCr,PCr8
PCx,PCx25
PCx,PCx28
PCx,PCx29
PCz,PCz15
PCz,PCz25
PCz,PCz30
PDe,PDe10
PdB,PdB3
PdB,PdB6
PdB,PdB10
PdB,PdB30
PDc,PDc10
PDu,PDu3
PDu,PDu10
PeB,PeB1
PeB,PeB4
PeB,PeB6
PeB,PeB10
PeC,PeC10
PeG,PeG3
PeG,PeG5
PeG,PeG6
PeJ,PeJ10
PeJ,PeJ20
PeK,PeK10
PeL,PeL10
PeM,PeM1
PeM,PeM10
PeM,PeM20
PeS,PeS3
PeS,PeS5
PeS,PeS10
PEt,PEt10
PFa,PFa1
PFa,PFa10
PFC,PFC10
PFo,PFo10
PFo,PFo15
PFo,PFo20
PFo,PFo25
PFr,PFr10
PFr,PFr12
PFr,PFr15
PFr,PFr17
PGD,PGD11
PGg,PGg11
PGr,PGr5
PGr,PGr7
PGr,PGr10
PGr,PGr12
PGr,PGr15
PGr,PGr16
PGr,PGr17
PGr,PGr20
PGr,PGr22
PGy,PGy10
PGy,PGy16
PiG,PiG40
PiG,PiG50
PlA,PlA100
PlA,PlA101
PlA,PlA120
PlL,PlL1
PHa,PHa10
PHa,PHa15
PHa,PHa25
PhD,PhD2
PhD,PhD5
PhD,PhD9
PhD,PhD25
PhG,PhG10
PhH,PhH10
PhH,PhH13
PhJ,PhJ10
PhJ,PhJ13
PhK,PhK4
PhK,PhK7
PhK,PhK11
PhK,PhK28
PhK,PhK33
PhK,PhK39
PhK,PhK42
PhK,PhK46
PhK,PhK50
PhL,PhL100
PhN,PhN10
PhN,PhN14
PhN,PhN17
PhN,PhN20
PhN,PhN22
PHo,PHo10
PhS,PhS10
PHt,PHt1
PHt,PHt8
PHt,PHt11
PHt,PHt13
PHt,PHt15
PHt,PHt20
PHw,PHw10
PHy,PHy6
PHy,PHy7
PHy,PHy9
PHy,PHy12
PHy,PHy15
PHy,PHy20
PHy,PHy25
PHy,PHy28
PHy,PHy29
PHy,PHy31
PHy,PHy35
PHy,PHy39
PHz,PHz10
PJ,PJ7
PJH,PJH10
PJH,PJH14
PK,PK3
PK,PK5
PK,PK6
PK,PK7
PK,PK15
PK,PK20
PK,PK22
PlB,PlB2
PlB,PlB12
PlB,PlB20
PlB,PlB32
PLd,PLd10
PLe,PLe10
PLe,PLe12
PLe,PLe16
PLe,PLe21
PLf,PLf10
PLi,PLi10
PlL,PlL2
PlL,PlL3
PlM,PlM10
PLo,PLo10
PLS,PLS10
PlT,PlT1
PlT,PlT8
PlT,PlT10
PlT,PlT20
PlT,PlT40
PlT,PlT50
PlT,PlT60
PLu,PLu10
PlW,PlW10
PLy,PLy10
PLy,PLy15
PM,PM1
PM,PM2
PM,PM3
PM,PM4
PM,PM5
PM,PM6
PM,PM7
PM,PM8
PM,PM9
PM,PM10
PM,PM11
PM,PM12
PM,PM15
PM,PM20
PM,PM21
PMa,PMa5
PMe,PMe10
PMe,PMe15
PMe,PMe20
PMe,PMe30
PMe,PMe32
PMe,PMe36
PMo,PMo1
PMo,PMo12
PMo,PMo13
PMo,PMo15
PMo,PMo17
PMo,PMo22
PMo,PMo24
PMo,PMo27
PmR,PmR1
PMw,PMw10
PMG,PMG10
PMz,PMz10
PNe,PNe1.
PNe,PNe1
PNe,PNe2
PNe,PNe3
PNe,PNe4
PnM,PnM8
PnM,PnM10
PnM,PnM11
PnM,PnM12
PnM,PnM14
PnM,PnM18
POC,POC10
POC,POC20
POC,POC25
POC,POC26
POC,POC27
POC,POC29
PPm,PPm10
PPm,PPm15
PPr,PPr20
PPz,PPz10
PRb,PRb1
Pri,Pri2
PRJ,PRJ10
PRo,PRo55
PRo,PRo80
PRo,PRo83
PRo,PRo86
PRo,PRo90
PRo,PRo93
PRo,PRo96
PRP,PRP10
PRs,PRs10
PrW,PrWl
PRz,PRz10
PRz,PRz15
PRz,PRz22
PS,PS1
PS,PS2
PS,PS3
PS,PS4
PS,PS5
PS,PS7
PS,PS8
PS,PS9
PS,PS13
PS,PS20
PS,PS21
PS,PS22
PSc,PSc1
PSc,PSc10
PSc,PSc12
PSc,PSc20
PSc,PSc30
PSc,PSc32
PSc,PSc35
PSc,PSc39
PSc,PSc41
PSe,PSe10
PSl,PSl10
PSp,PSp10
PSp,PSp12
PSp,PSp14
PSv,PSv8
PSv,PSv12
PSv,PSv13
PSy,PSy10
PTA,PTA10
PTA,PTA12
PtC,PtC10
PtF,PtF5
PtF,PtF10
PTi,PTi10
PtM,PtM10
PtP,PtP10
PTV,PTV10
PTw,PTw1
PTw,PTw9
PtZ,PtZ10
PUs,PUs5
PUs,PUs6
PVg,PVg10
PVh,PVh9
PVh,PVh12
PVh,PVh16
PVh,PVh17
PVh,PVh18
PVh,PVh19
PvL,PvL1
PW,PW1
PW,PW4
PWa,PWa10
PWe,PWe2
PWe,PWe4
PWe,PWe6
PWe,PWe10
PWe,PeW15
PWi,PWi2
PWi,PWi3
PWr,PWr2
PWr,PWr3
PWr,PWr4
PWr,PWr5
PWr,PWr6
PWr,PWr8
PWr,PWr10
PWr,PWr12
PWr,PWr14
PWr,PWr16
PWr,PWr21
PWz,PWz10
PY,PY1
PY,PY4
PY,PY6
PY,PY7
PY,PY10
PY,PY11
PY,PY13
PY,PY15
PY,PY19
PY,PY20
PY,PY25
PY,PY32
PY,PY34
PY,PY37
PY,PY38
PYu,PYu10
QMa,QMa10
QMa,QMa12
QMa,QMa14
QTa,QTa1
QTa,QTa3
QTa,Qta6
RA,RA2
RA,RA3
RA,RA4
RA,RA5
RA,RA8
RA,RA10
RA,RA15
RA,RA17
RA,RA19
RA,RA22
RAA,RAA10
RAB,RAB10
RAB,RAB11
RAB,RAB12
RAB,RAB13
RAB,RAB14
RAC,RAC10
RAC,RAC20
RaH,RaH10
RaH,RaH15
RaI,RaI50
RaK,RaK3
RaK,RaK5
RaK,RaK7
RaK,RaK8
RaK,RaK9
RaK,RaK10
RaK,RaK12
RaK,RaK15
RAl,RAl20
RAl,RAl50
RAl,RAl55
RAl,RAl56
RAl,RAl62
RAl,RAl68
RAl,RAl69
RAl,RAl70
RAl,RAl71
RAl,RAl72
RAl,RAl73
RAl,RAl74
RAl,RAl75
RAl,RAl76
RAl,RAl80
RAl,RAl85
RAl,RAl87
RAl,RAl88
RAl,RAl90
RAl,RAl93
RAl,RAl95
RAl,RAl98
RAl,RAl104
RAl,RAl106
RaM,RaM10
RaR,RaR10
RaR,RaR12
RaR,RaR13
RAs,RAs10
RaT,RaT1
RaT,RaT9
RaT,RaT16
RaT,RaT21
RaT,RaT22
RaT,RaT26
RaT,RaT30
RaT,RaT36
RaT,RaT38
RaT,RaT42
RaT,RaT46
RAu,RAu10
RAu,RAu40
RaW,RaW2
RaW,RaW20
RaW,RaW24
RaW,RaW44
RaW,RaW47
RaW,RaW59
RaW,RaW61
RaW,RaW62
RaW,RaW63
RaW,RaW64
RaW,RaW65
RaW,RaW66
RaW,RaW67
RaW,RaW72
RaW,RaW73
RaW,RaW74
RaW,RaW77
RaW,RaW78
RaW,RaW80
RaW,RaW81
RaW,RaW82
RaW,RaW85
RBa,RBa12
RBB,RBB10
RbC,RbC1
RbC,RbC10
RbC,RbC20
RbC,RbC28
RbD,RbD3
RbD,RbD10
RBe,RBe1
RBe,RBe2
RBe,RBe3
RBe,RBe5
RBe,RBe6
RBe,RBe12
RBe,RBe15
RBe,RBe19
RbG,RbG10
RbH,RbH10
RBi,RBi10
RBl,RBl10
RbM,RbM1
RbM,RbM10
RBn,RBn10
RbR,RbR1
RbR,RbR2
RbR,RbR3
RbR,RbR10
RbR,RbR12
RbR,RbR14
RbR,RbR17
RbR,RbR18
RbR,RbR22
RBS,RBS15
RBt,RBt6
RBt,RBt17
RBt,Rbt20
RBu,RBu10
RBu,RBu15
RBu,RBu20
RbW,RbW10
RBx,RBx10
RC,RC9
RC,RC10
RC,RC12
RC,RC13
RC,RC16
RC,RC18
RC,RC19
RC,RC20
RC,RC21
RC,RC22
RcB,RcB1
RcB,RcB3
RcB,RcB5
RcB,RcB8
RcB,RcB13
RcB,RcB14
RcB,RcB15
RcB,RcB16
RcB,RcB17
RcB,RcB18
RcB,RcB25
RcB,RcB30
RcB,RcB40
RcF,RcF10
RcF,RcF12
RcF,RcF20
RcF,RcF26
RcF,RcF30
RcF,RcF34
RCh,RCh10
RCj,RCj10
RCj,RCj11
RCj,RCj20
RCl,RCl4
RCl,RCl5
RCl,RCll0
RCl,RCl13
RCm,RCm10
RCm,RCm15
RCn,RCn10
RCn,RCn30
RCn,RCn36
RCn,RCn39
RCo,RCo3
RCo,RCo4
RCo,RCo9
RCo,RCo11
RCo,RCo14
RCo,RCo15
RCo,RCo23
RCo,RCo24
RCo,RCo26
RCo,RCo27
RCo,RCo30
RCo,RCo32
RCo,RCo34
RCo,RCo35
RCo,RCo36
RCo,RCo37
RCo,RCo38
RCo,RCo41
RCo,RCo43
RCo,RCo44
RCo,RCo46
RCo,RCo47
RCo,RCo48
RCo,RCo49
RCo,RCo70
RCS,RCS10
RtC,RtC10
RCu,RCu10
RCu,RCu12
RCv,RCv10
RcW,RcW10
RcW,RcW16
RD,RD4
RD,RD5
RD,RD7
RD,RD8
RD,RD9
RD,RD15
RD,RD19
RD,RD18
RD,RD20
RD,RD25
RD,RD35
RD,RD37
RD,RD41
RD,RD43
RDa,RDa1
RDa,RDa3
RDa,RDa5
RDa,RDa6
RDa,RDa9
RDa,RDa10
RDa,RDa11
RDa,RDa12
RDa,RDa14
RDa,RDa21
RDa,RDa25
RdB,RdB10
RdD,RdD10
RDh,RDh10
RDi,RDi10
RDL,RDL3
RDL,RDL4
RDL,RDL5
RDL,RDL6
RDL,RDL10
RDL,RDL11
RDL,RDL12
RDL,RDL13
RDL,RDL15
RDL,RDL17
RDL,RDL18
RDL,RDL19
RDL,RDL20
RDL,RDL24
RdM,RdM8
RdM,RdM10
RdM,RdM18
RdM,RdM20
RdM,RdM30
RdN,RdN10
RDo,RDo5
RDo,RDo10
RDo,RDo20
RDo,RDo26
RDo,RDo28
RDo,RDo30
RDo,RDo32
RDo,RDo36
RDo,RDo40
RdR,RdR10
RdR,RdR30
RdR,RdR32
RdR,RdR37
RdR,RdR40
RdR,RdR44
RdR,RdR46
RdR,RdR48
RdR,RdR52
RdR,RdR53
RdR,RdR54
RdR,RdR56
RdR,RdR61
RdR,RdR63
RdR,RdR64
RdR,RdR66
RdR,RdR68
RdR,RdR70
RdR,RdR90
RDu,RDu10
RDu,RDu15
RDW,RDW2
RDW,RDW7
RDW,RDW10
ReB,ReB8
ReB,ReB10
ReC,ReC4
ReC,ReC5
ReD,ReD10
ReH,ReH10
ReH,ReH16
ReH,ReH22
REM,REM5
REM,REM10
REn,REn6
REn,REn18
REn,REn20
REn,REn30
REn,REn32
REn,REn45
REn,REn50
REn,ReN53
REn,ReN55
REn,REn60
REp,REp18
RFG,RFG1
RFG,RFG3
RFG,RFG5
RFG,RFG7
RFG,RFG9
RFG,RFG20
RFG,RFG22
RFG,RFG25
RFG,RFG27
RFG,RFG30
RFG,RFG35
RFG,RFG40
RFG,RFG41
RfH,RfH10
RFi,RFi10
RFl,RFl3
RFl,RFl20
RFl,RFl28
RFl,RFl30
RFl,RFl33
RFl,RFl40
RFl,RFl48
RFl,RFl60
RFl,RFl75
RFl,RFl100
RFl,RFl101
RFl,RFl102
RFl,RFl103
RFl,RFl104
RFM,RFM10
RFM,RFM12
RFM,RFM20
RFr,RFr10
RFr,RFr15
RFr,RFr19
RFr,RFr25
RFr,RFr30
RFu,RFu10
RFu,RFu11
RFu,RFu12
RFu,RFu20
RgA,RgA10
RgA,RgA11
RgC,RgC10
RgC,RgC15
RgH,RgH10
RGo,RGo10
RGr,RGr10
RGr,RGr30
RGu,RGu10
RGu,RGu15
RGt,RGt15
RgW,RgW10
RHa,RHa3
RHa,RHa4
RHa,RHa5
RHa,RHa8
RHa,RHa9
RHa,RHa10
RHf,RHf10
RHf,RHf20
RHg,RHg10
RHk,RHk10
RhM,RhM10
RhM,RhM30
RhM,RhM34
RhM,RhM37
RHn,RHn10
RHo,RHo1
RHo,RHo5
RHo,RHo10
RHo,RHo12
RHo,RHo14
RHo,RHo15
RHo,RHo17
RHo,RHo20
RHo,RHo22
RHo,RHo24
RHo,RHo27
RHo,RHo29
RHo,RHo31
RHo,RHo34
RHo,RHo35
RHo,RHo36
RHr,RHr5
RHr,RHr10
RHr,RHr12
RhS,RhS20
RHv,RHv5
RHv,RHv10
RHy,RHy10
RiB,RiB1
RiB,RiB15
RiB,RiB21
RiB,RiB25
RiB,RiB26
RiB,RiB28
RiB,RiB30
RiC,RiC10
RiD,RiD1
RiF,RiF4
RiF,RiF10
RiF,RiF13
RiF,RiF15
RiF,RiF18
RiF,RiF20
RiF,RiF21
RiF,RiF22
RiF,RiF24
RiF,RiF25
RiF,RiF28
RiF,RiF30
RiF,RiF33
RiF,RiF35
RiF,RiF36
RiF,RiF39
RiF,RiF42
RiF,RiF47
RiF,RiF48
RiF,RiF52
RiF,RiF53
RiL,RiL10
RiL,RiL14
RiL,RiL15
RiO,RiO15
RiO,RiO50
RiQ,RiQ6
RiQ,RiQ15
RiQ,RiQ23
RiQ,RiQ29
RiQ,RiQ35
RiR,RiR10
RiR,RiR15
RiS,RiS10
RJe,RJe1
RjK,RjKd10
RJR,RJR10
RKa,RKa10
RkB,RkB10
RKl,RKl10
RkM,RkM10
RkM,RkM16
RKi,RKi10
RkK,RkK10
RkK,RkK15
RLB,RLB10
RLB,RLB12
RLB,RLB22
RlE,RlE5
RlE,RlE10
RlE,RlE20
RlE,RlE22
RlE,RlE24
RLG,RLG10
RLi,RLi6
RLi,RLi10
RLi,RLi20
RLi,RLi25
RLl,RLl10
RLl,RLl13
RLl,RLl15
RLl,RLl18
RLl,RLl21
RlM,RlM10
RLn,RLn10
RLo,RLo10
RLo,RLo11
RLo,RLo24
RLT,RLT10
RLT,RLT15
RLu,RLu10
RlW,RlW10
RM,RM1
RM,RM2
RM,RM3
RM,RM4
RM,RM5
RM,RM6
RM,RM7
RM,RM8
RM,RM9
RM,RM10
RM,RM12
RM,RM13
RM,RM14
RM,RM15
RM,RM16
RMa,RMa10
RMc,RMc10
RMD,RMD10
RMe,RMe12
RMg,RMg10
RMg,RMg15
RMg,RMg17
RMk,RMk10
RMl,RMl1
RMn,RMn10
RMo,RMo1
RMo,RMo2
RMo,RMo3
RMp,RMp13
RMq,RMq5
RMq,RMq8
RMq,RMq10
RMr,RMr10
RMt,RMt10
RMu,RMu6
RMu,RMu7
RMu,RMu18
RMu,RMu19
RMu,RMu25
RMu,RMu37
RMu,RMu41
RMu,RMu46
RMu,RMu50
RMw,RMw3
RMw,RMw10
RMw,RMw13
RMw,RMw15
RMY,RMY10
RMY,RMY15
RmF,RmF10
RNB,RNB10
RnC,RnC10
RNe,RNe1
RNe,RNe2
RNe,RNe10
RNe,RNe15
RNe,RNe23
RNi,RNi10
RnH,RnH10
RnH,RnH13
RNo,RNo10
RNo,RNo20
RoA,RoA4
RoA,RoA5
RoA,RoA7
RoA,RoA22
RoA,RoA23
RoA,RoA25
RoA,RoA26
RoA,RoA28
RoA,RoA32
RoA,RoA35
RoA,RoA41
RoA,RoA45
RoA,RoA48
RoA,RoA57
RoA,RoA64
RoA,RoA65
RoA,RoA66
RoA,RoA68
RoA,RoA70
RoD,RoD10
RoE,RoE10
RoH,RoH10
RoH,RoH30
RoF,RoF20
RoF,RoF30
RoJ,RoJ1
RoJ,RoJ10
RoJ,RoJ20
RoL,RoL10
RoL,RoL59
RoL,RoL60
RoN,RoN3
RoN,RoN5
RoN,RoN8
RoN,RoN9
RoN,RoN16
RoN,RoN17
RoN,RoN18
RoN,RoN22
RoN,RoN28
RoN,RoN30
RoN,RoN32
RoP,RoP2
RoP,RoP3
RoP,RoP4
RoP,RoP5
RoP,RoP6
RoP,RoP7
RoP,RoP8
RoP,RoP9
RoP,RoP10
RoP,RoP15
RoP,RoP20
RoP,RoP22
RoP,RoP27
RoR,RoR1
RoR,RoR2
RoR,RoR5
RoR,RoR6
RoR,RoR8
RoR,RoR10
RoR,RoR25
RoS,RoS3
RoS,RoS6
RoS,RoS11
RoS,RoS13
RoS,RoS17
RoS,RoS50
RoS,RoS51
RoS,RoS52
RoS,RoS53
RoS,RoS54
RoS,RoS55
RoS,RoS60
RoS,RoS65
RoS,RoS68
RoS,RoS70
RoS,RoS85
RoS,RoS90
RoS,RoS92
RoS,RoS94
RoS,RoS95
RoS,RoS98
RoS,RoS100
RoS,RoS110
RoS,RoS112
RoS,RoS120
RoT,RoT20
RoV,RoV1
RoV,RoV2
RoV,RoV3
RoV,RoV7
RoV,RoV10
RoV,RoV13
RoV,RoV15
RoW,RoW10
RPa,RPa10
RPa,RPa15
RPa,RPa25
RPe,RPe8
RPe,RPe12
RPe,RPe20
RPe,RPe22
RPo,RPo10
RPr,RPr10
RR,RR1
RR,RR2
RR,RR3
RR,RR4
RR,RR5
RRa,RRa10
RrB,RrB10
RrB,RrB16
RrB,RrB18
RRe,RRe10
RRo,RRo1
RRo,RRo5
RRo,RRo8
RRo,RRo9
RRo,RRo12
RRo,RRo16
RRo,RRo18
RRo,RRo20
RrS,RrS5
RrS,RrS10
RRu,RRu7
RRu,RRu10
RRu,RRu15
RRu,RRu20
RRw,RRw15
RRw,RRw20
RRw,RRw32
RRw,RRw33
RRw,RRw35
RRw,RRw37
RRz,RRz1
RRz,RRz3
RRz,RRz4
RRz,RRz5
RRz,RRz6
RS,RS1
RS,RS2
RS,RS3
RS,RS8
RS,RS9
RS,RS11
RS,RS14
RS,RS15
RS,RS20
RS,RS26
RS,RS28
RS,RS30
RS,RS32
RSa,RSa5
RSa,RSal0
RSa,RSa20
RSB,RSB5
RSc,RSc10
RSd,RSd10
RsG,RsG10
RSh,RSh5
RSh,RSh10
RSh,RSh15
RSh,RSh18
RSh,RSh20
RSi,RSi17
RSi,RSi18
RSi,RSi20
RSi,RSi25
RSi,RSi29
RSi,RSi30
RSi,RSi40
RSi,RSi41
RSi,RSi45
RSl,RSl10
RSp,RSp8
RSp,RSp10
RSp,RSp13
RSp,RSp16
RSp,RSp20
RSp,RSp24
RSr,RSr10
RSt,RSt100
RSt,RSt101
RSt,RSt102
RSt,RSt103
RSt,RSt104
RSt,RSt105
RSt,RSt106
RSt,RSt107
RSt,RSt108
RSt,RSt109
RSt,RSt110
RSt,RSt111
RSt,RSt112
RSt,RSt113
RSt,RSt114
RSt,RSt115
RSt,RSt116
RSt,RSt117
RSt,RSt118
RSt,RSt201
RSt,RSt319
RSt,RSt320
RSt,RSt321
RSt,RSt322
RSt,RSt323
RSt,RSt324
RSt,RSt325
RSt,RSt326
RSt,RSt327
RSt,RSt328
RSt,RSt329
RSt,RSt330
RSt,RSt331
RSt,RSt332
RSt,RSt333
RSt,RSt334
RSt,RSt335
RSt,RSt336
RSt,RSt337
RSt,RSt338
RSt,RSt339
RSt,RSt340
RSt,RSt341
RSt,RSt342
RSt,RSt343
RSt,RSt344
RSt,RSt405
RSt,RSt410
RSt,RSt440
RSt,RSt441
RSt,RSt442
RSt,RSt445
RSt,RSt446
RT,RT1
RT,RT10
RT,RT20
RT,RT30
RTa,RTa10
RTa,RTa14
RTa,RTa15
RtB,RtB1
RtB,RtB2
RtB,RtB3
RtB,RtB4
RtB,RtB5
RtB,RtB6
RtB,RtB7
RtB,RtB8
RtB,RtB9
RtB,RtB10
RtB,RtB11
RtB,RtB12
RtB,RtB13
RtB,RtB14
RtD,RtD10
RtD,RtD11
RtD,RtD12
RtD,RtD13
RTh,RTh3
RTh,RTh4
RTh,RTh5
RTh,RTh6
RTh,RTh8
RTh,RTh9
RTh,RTh10
RTh,RTh11
RTh,RTh12
RTh,RTh15
RTh,RTh20
RTh,RTh23
RTh,RTh25
RTh,RTh26
RTh,RTh27
RTh,RTh35
RTh,RTh37
RTh,RTh40
RTh,RTh42
RTh,RTh52
RTh,RTh53
RTh,RTh58
RtL,RtL10
RtP,RtP10
RtT,RtT10
RTu,RTu1
RTu,RTu3
RtW,RtW10
RtY,RtY10
RtY,RtY14
RtY,RtY15
RTr,RTr10
RuB,RuB10
RuC,RuC10
RuC,RuC13
RuJ,RuJ3
RuJ,RuJ8
RuM,RuM30
RuM,RuM37
RuM,RuM40
RUn,RUn10
RuT,RuT30
RuT,RuT36
RVD,RVD10
RVL,RVL6
RVL,RVL8
RVL,RVL10
RVL,RVL14
RVL,RVL16
RVL,RVL17
RVL,RVL25
RVL,RVL28
RVL,RVL30
RVL,RVL32
RVO,RVO10
RvP,RvP6
RvP,RvP9
RvP,RvP13
RW,RW1
RW,RW30
RWa,RWa10
RWa,RWa12
RWa,RWa50
RWa,RWa65
RWa,RWa72
RWa,RWa90
RWB,RWB10
RWB,RWB25
RWB,RWB32
RWB,RWB33
RWB,RWB42
RWB,RWB45
RWB,RWB58
RWB,RWB67
RWB,RWB73
RWB,RWB77
RWB,RWB82
RWc,RWc10
RWd,RWd10
RWe,RWe10
RWF,RWF1
RWF,RWF2
RWF,RWF3
RWF,RWF4
RWF,RWF6
RWF,RWF7
RWF,RWF8
RWF,RWF10
RWF,RWF15
RWF,RWF16
RWF,RWF18
RWF,RWF20
RWF,RWF21
RWF,RWF22
RWF,RWF26
RWF,RWF27
RWF,RWF28
RWF,RWF29
RWF,RWF32
RWF,RWF33
RWF,RWF35
RWF,RWF37
RWg,RWg10
RWg,RWg16
RWh,RWh8
RWh,RWh10
RWh,RWh15
RWh,RWh20
RWh,RWh50
RWi,RWi1
RWi,RWi2
RWi,RWi3
RWi,RWi7
RWi,RWi9
RWi,RWi13
RWi,RWi24
RWi,RWi28
RWi,RWi29
RWi,RWi31
RWi,RWi32
RWi,RWi33
RWi,RWi34
RWi,RWi36
RWi,RWi37
RWi,RWi38
RWl,RWl10
RWN,RWN10
RWN,RWN15
RWN,RWN20
RWN,RWN24
RWN,RWN26
RWN,RWN28
RWN,RWN30
RWN,RWN32
RWN,RWN34
RWN,RWN38
RWN,RWN44
RWN,RWN46
RWs,RWs10
RxI,RxI1
RxI,RxI10
RxI,RxI20
RxI,RxI30
RyB,RyB4
RyB,RyB8
RyB,RyB9
RyB,RyB10
RyB,RyB12
RyB,RyB14
RyB,RyB16
RyB,RyB17
RyB,RyB18
RyK,RyK10
RyK,RyK12
RyM,RyM10
RYo,RYo10
RYo,RYo12
RyS,RyS20
RyT,RyT40
RyT,RyT55
RZe,RZe1
RZe,RZe3
RZe,RZe5
RZe,RZe10
RZe,RZe12
RZe,RZe14
RZe,RZe17
RZe,RZe19
RZe,RZe20
RZe,RZe22
RZe,RZe25
RZL,RZL15
RZL,RZL17
RZL,RZL19
RZL,RZL20
RZL,RZL22
RZL,RZL24
RZL,RZL25
RZL,RZL26
RZL,RZL28
RZL,RZL31
RZL,RZL35
RZL,RZL37
RZL,RZL39
RzB,RzB10
th,S1
th,S5
th,S6
th,S9
th,S10
th,S11
th,S12
th,S13
th,S14
th,S15
th,S16
th,S17
th,S21
th,S25
SaD,SaD10
SaF,SaF13
SaF,SaF19
SaF,SaF20
SaG,SaG10
SAo,SAo10
SaP,SaP2
SaP,SaP4
SaP,SaP10
SaP,SaP11
SaP,SaP13
SaP,SaP15
SaP,SaP19
SaP,SaP20
SaP,SaP25
SaP,SaP30
SaT,SaT4
SaT,SaT5
SaT,SaT6
SaT,SaT8
SaT,SaT9
SaT,SaT10
SaT,SaT15
SaT,SaT17
SaT,SaT20
SaT,SaT23
SBa,SBa10
SBa,SBa15
SBa,SBa22
SBd,SBd10
SBg,SBg10
SBs,SBs10
SCa,SCa10
ScH,ScH10
ScH,ScH13
SCl,SCl5
SCl,SCl10
ScM,ScM10
SCo,SCo10
SCr,SCr10
SCs,SCs10
ScW,ScW10
ScW,ScW13
SCz,SCz10
SdG,SdG1
SDr,SDr1
SDr,SDr10
SDv,SDv10
SE,SE3
SE,SE4
SE,SE20
SE,SE25
SE,SE26
SeC,SeC10
SeG,SeG10
SeL,SeL1
SeL,SeL3
SeL,SeL20
SeL,SeL26
SeL,SeL28
SeL,SeL30
SeL,SeL35
SeL,SeL40
SeL,SeL45
SeL,SFr46
SeL,SeL55
SET,SET1
SET,SET8
SfC,Sfg2
SFi,SFi10
SfP,SfP6
SFr,SFr42
SFr,SFr43
SFr,SFr50
SFr,SFr60
SfS,SfS10
SG,SG15
SG,SG30
SG,SG33
SG,SG37
SG,SG43
SG,SG49
SG,SG54
SG,SG60
SG,SG65
SG,SG66
SG,SG69
SG,SG71
SGa,SGa10
SGe,SGe10
SGB,SGB60
SGB,SGB75
SGi,SGi3
SGi,SGi8
SGi,SGi30
SGo,SGo10
SGo,SGo15
SGr,SGr10
SgT,SgT10
SGu,SGu10
SGy,SGy10
SGy,SGy12
SHa,SHa7
SHa,SHa10
ShB,ShB10
SHD,SHD10
ShI,ShI40
ShI,ShI41
ShI,ShI50
ShI,ShI52
ShI,ShI55
SHk,SHk10
SHk,SHk15
SHL,SHL2
ShM,ShM5
ShM,ShM10
ShM,ShM15
SHo,SHo2
SHo,SHo4
SHp,SHp5
SHp,SHp10
SHp,SHp13
SHS,SHS5
SHS,SHS10
ShT,ShT10
SyH,SyH10
SiA,SiA10
SIC,SIC10
SiG,SiG10
SiH,SiH20
SiM,SiM10
SiN,SiN10
SiO,SiO10
SiO,SiO30
SiW,SiW8
SiW,SiW10
SiW,SiW12
SiW,SiW13
SiW,SiW14
SJF,SJF9
SJF,SJF17
SJF,SJF19
SJF,SJF21
SJF,SJF22
SJF,SJF23
SK,SK2
SK,SK3
SK,SK4
SK,SK5
SK,SK6
SK,SK8
SK,SK10
SK,SK12
SK,SK22
SK,SK26
SKa,SKa10
SKe,SKe10
SKo,SKo1
SKo,SKo2
SKo,Sko5
SkT,SkT1
SKw,SKw20
SKw,SKw23
SKw,SKw30
SL,SL1
SL,SL3
SL,SL4
SL,SL5
SL,SL7
SL,SL8
SL,SL10
SL,SL14
SL,SL15
SL,SL19
SL,SL20
SL,SL21
SL,SL22
SL,SL23
SL,SL26
SL,SL29
SL,SL33
SL,SL35
SL,SL37
SL,SL39
SL,SL44
SL,SL49
SL,SL50
SL,SL52
SL,SL53
SL,SL54
SL,SL56
SL,SL59
SL,SL60
SL,SL62
SLa,SLa2
SLa,SLa3
SLa,SLa10
SLa,SLa14
SLa,SLa18
SLa,SLa20
SLa,SLa22
SlB,SlB10
SlD,SlD10
SLe,SLe10
SLe,SLe12
SLJ,SLJ1
SLJ,SLJ2
SLJ,SLJ3
SLJ,SLJ4
SLJ,SLJ5
SLJ,SLJ6
SLJ,SLJ7
SLJ,SLJ8
SLJ,SLJ11
SLJ,SLJ12
SLJ,SLJ14
SLo,SLo1
SLo,SLo2
SlT,SlT10
SLr,SLr10
SLw,SLw10
SM,SM1
SM,SM3
SM,SM4
SM,SM6
SM,SM7
SM,SM8
SMa,SMa10
SMe,SMe1
SMf,SMf10
SMi,SMi3
SMi,Smi5
SMi,SMi10
SMi,SMi14
SMi,SMi21
SML,SML10
SmS,SmS10
SmW,SmW1
SmW,SmW3
SNe,SNe3
SNe,SNe10
SNo,SNo10
SnT,SnT20
SnT,SnT22
SnT,SnT26
SnT,SnT28
SNz,SNz10
SOe,SOe10
SOe,SOe12
SOe,SOe15
SOS,SOS10
SoW,SoW1
SP,SP5
SP,SP6
SP,SP25
SP,SP31
SP,SP33
SP,SP35
SP,SP40
SP,SP45
SP,SP46
SP,SP47
SP,SP49
SP,SP55
SP,SP57
SP,SP61
SP,SP65
SP,SP67
SP,SP68
SP,SP75
SpJ,SpJ10
SpJ,SpJ13
SPo,SPo1
SPo,SPo2
SPo,SPo6
SPo,SPo8
SpS,SpS10
SPt,SPt10
SPv,SPv10
SR,SR1
SR,SR15
SR,SR20
SR,SR25
SR,SR30
SR,SR31
SR,SR32
SR,SR35
SR,SR36
SR,SR37
SR,SR38
SR,SR39
SR,SR80
SRa,SRa1
SRa,SRa5
SRf,SRf10
SRf,SRf20
SRf,SRf21
SRi,SRi2
SRi,SRi5
SRi,SRi10
SRi,SRi18
SRi,SRi19
SRm,SRm1
SRm,SRm10
SRo,SRo1
SRo,SRo2
SRo,SRo3
SRo,SRo4
SRo,SRo5
SRo,SRo20
SRo,SRo32
SRo,SRo35
SRo,SRo37
SRo,SRo39
SRo,SRo40
SRu,SRu10
SS,SS2
SS,SS5
SS,SS6
SS,SS7
SS,SS8
SS,SS9
SS,SS10
SS,SS11
SS,SS12
SS,SS13
SS,SS15
SS,SS18
SS,SS19
SS,SS20
SS,SS21
SS,SS24
SS,SS26
SS,SS29
SS,SS32
SS,SS33
SS,SS34
SSa,SSa10
SSb,SSb10
SSb,SSb12
SSC,SSC1
SSC,SSC2l
SSe,SSe10
SSh,SSh10
SSi,SSi115
SSk,SSk1
SSl,SSl1
SSn,SSn1
SSo,SSo10
SSo,SSo16
SSR,SSR10
SSR,SSR12
SSR,SSR15
SSS,SSS45
SSS,SSS55
SSS,SSS58
SSu,SSu10
SSv,SSv10
StA,StA10
StB,StB2
StB,StB3
StB,StB5
StC,StC10
StC,StC12
StC,StC20
StC,StC30
StD,StD4
StD,StD7
StD,StD24
StD,StD27
StD,StD33
StD,StD35
StD,StD37
StD,StD41
StD,StD42
StD,StD45
StD,StD51
StD,StD58
StD,StD61
StD,StD62
StD,StD72
StD,StD80
StE,StE10
StF,StF3
StF,StF4
StF,StF5
StF,StF10
StF,StF12
StF,StF13
StF,StF14
StF,StF17
StF,StF20
StF,StF23
StG,StG10
StH,StH3
StH,StH5
StH,StH10
StH,StH13
StH,StH15
StH,StH18
StH,StH20
StH,StH23
StH,StH30
StK,StK3
StK,StK4
StK,StK5
StK,StK6
StK,StK7
StK,StK8
StK,StK9
StK,StK10
StK,StK15
StK,StK21
StL,StL10
StM,StM2
StN,StN10
STo,STo10
SvP,SvP10
StR,StR5
StR,StR10
StS,StS1
StS,StS2
StS,StS5
StS,StS10
StS,StS13
StS,StS14
STu,STu10
STu,STu11
StW,StW7
StW,STW10
StZ,StZ1
StZ,StZ5
SuA,SuA10
SuG,SuG10
SuG,SuG20
SuG,SuG25
SuH,SuH14
SuK,SuK10
SuR,SuR5
SuR,SuR10
SuS,SuS10
SuS,SuS12
SuS,SuS16
SuS,SuS20
SuS,SuS25
SvA,SvA10
SvB,SvB05
SvB,SvB10
SvB,SvB12
SvB,SvB22
SvF,SvF10
SvN,SvN10
SW,SW2
SW,SW6
SW,SW7
SW,SW8
SW,SW10
SW,SW12
SW,SW13
SW,SW15
SW,SW17
SW,SW18
SW,SW19
SW,SW21
SW,SW22
SW,SW25
SW,SW28
SW,SW30
SW,SW33
SWa,SWa10
SWi,SWi4
SWi,SWi5
SWi,SWi6
SWi,SWi7
SWi,SWi8
SWi,SWi9
SWi,SWi10
SWi,SWi11
SWi,SWi12
SWm,SWm6
SWm,SWm10
SwS,SwS10
SyC,SyC10
Sys,Sys1
Sys,Sys2
Sys,Sys3
SZi,SZi10
TAb,TAb10
TAF,TAF10
TaH,TaH2
TaH,TaH5
TaH,TaH6
TaH,TaH8
TaH,TaH10
TaH,TaH15
TaH,TaH30
TaH,TaH32
TAn,TAn12
TAn,TAn16
TAn,Tan20
TAn,Tan21
TAv,TAv1
TB,TB34
TB,TB35
TB,TB55
TB,TB60
TB,TB67
TB,TB70
TBe,TBe1
TBi,TBi10
TBl,TBl10
TBl,TBl15
TBl,TBl20
TBl,TBl21
TBN,TBN10
TBr,TBr10
TBs,TBs2
TBs,TBs4
TBs,TBs6
TBs,TBs8
TBs,TBs10
TBs,TBs12
TBs,TBs14
TBs,TBs16
TBs,TBs20
TBs,TBs28
TBs,TBs40
TBs,TBs46
TBs,TBs48
TBs,TBs50
TBu,TBu10
TCh,TCh1
TCh,TCh2
TCh,TCh3
TCh,TCh4
TCh,TCh5
TCh,TCh6
TCl,TCl10
TCn,TCn10
TCr,TCr10
TDa,TDa10
TDa,TDa11
TdC,TdC9
TdC,TdC11
TdC,TdC15
TDe,TDe14
TDe,TDe18
TDe,TDe19
TDS,TDS10
TDS,TDS15
TDv,TDv10
TeB,TeB10
TeW,TeW10
TeW,TeW15
TFd,TFd1
TFg,TFg1
TFi,TFi8
TFi,TFi9
TFi,TFi10
TFi,TFi11
TFi,TFi12
TFi,TFi15
TFi,TFi20
TFi,TFi24
TFi,TFi30
TFi,TFi33
TFi,TFi35
TFi,TFi40
TFy,TFy10
TG,TG8
TG,TG11
TG,TG15
TG,TG19
TG,TG20
TG,TG21
TG,TG22
TG,TG27
TG,TG30
TG,TG32
TG,TG39
TGA,TGA8
TGA,TGA10
TgD,TgD1
TGi,TGi1
TGi,TGi2
TGi,TGi4
TGi,TGi5
TGi,TGi6
TGi,TGi7
TGi,TGi9
TGr,TGr10
TGt,TGt10
TGw,TGw10
ThA,ThA10
ThB,ThB10
ThB,ThB30
ThB,ThB55
ThB,ThB70
ThC,ThC40
ThD,ThD30
ThD,ThD50
ThE,ThE10
ThF,ThF5
ThF,ThF6
ThF,ThF11
ThF,ThF15
ThF,ThF17
ThF,ThF25
THg,THg25
ThI,ThI10
ThI,ThI33
ThI,ThI40
ThI,ThI65
THk,THk10
THk,THk14
THk,THk16
THo,THo10
THo,THo20
ThR,ThR10
THu,THu10
THu,THu13
THu,THu25
THu,THu30
ThS,ThS4
ThS,ThS6
THy,THy10
THy,THy14
TiB,TiB1
TiB,TiB5
TiB,TiB6
TiB,TiB8
TiB,TiB12
TiB,TiB14
TiB,TiB17
TiB,TiB20
TiG,TiG12
TiG,TiG15
TiH,TiH10
TJe,TJe10
TJk,TJk10
TKa,TKa10
TKg,TKg10
TKi,Tki7
TKo,TKo10
TKo,TKo15
TKo,TKo19
TKo,TKo20
TKo,TKo22
TLo,TLo10
TLW,TLW1
TLW,TLW5
TMa,TMa1
TMa,TMa10
TMa,TMa11
TMe,TMe10
TMk,TMk10
TmM,TmM1
TMo,TMo10
TMo,TMo11
TMt,TMt10
TMy,TMy10
TNa,TNa10
TnM,TnM10
TNu,TNu3
TNu,TNu10
TNu,TNu15
ToC,ToC10
ToG,ToG3
ToG,ToG6
ToG,ToG8
ToG,ToG9
ToG,ToG10
ToG,ToG15
ToG,ToG20
ToG,ToG22
ToH,ToH1
ToH,ToH10
ToH,ToH20
ToH,ToH26
ToH,ToH30
ToH,ToH40
ToK,ToK1
ToL,ToL1
ToL,ToL10
ToN,ToN10
ToP,ToP1
ToS,ToSl
ToS,ToS1
ToS,ToS5
ToS,ToS10
ToS,ToS12
ToS,ToS15
ToS,ToS21
ToS,ToS23
ToS,ToS25
ToS,ToS29
ToT,ToT10
ToZ,ToZ10
ToZ,ToZ20
TPa,TPa10
TPo,TPo8
TPo,TPo12
TPo,TPo13
TPo,TPo14
TPo,TPo16
TPo,TPo20
TPo,TPo21
TPo,TPo24
TRb,TRb10
TRb,TRb16
TRb,TRb19
TrH,TrH10
TrH,TrH15
TrJ,TrJ10
TrJ,TrJ12
TrJ,TrJ14
TrJ,TrJ15
TrJ,TrJ20
TRo,TRo1
TRs,TRs1
TRs,TRs3
TRs,TRs4
TRs,TRs8
TRs,TRs12
TRs,TRs15
TRs,TRs16
TRs,TRs17
TRs,TRs18
TRs,TRs22
TRs,TRs23
TRs,TRs25
TRs,TRs28
TRs,TRs32
TSm,TSm10
TSu,TSu10
TsH,TsH10
TSt,TSt1
TSy,TSy10
TSy,TSy12
TSz,TSz1
TSz,TSz5
TSz,TSz10
TTN,TTN10
TTy,TTy10
TTz,TTz2
TTz,TTz4
TTz,TTz8
TTz,TTz9
TTz,TTz10
TTz,TTz11
TTz,TTz20
TuB,TuB10
TVb,TVb10
TVi,TVi10
TVw,TVw10
TWa,TWa10
TWh,TWh20
TWh,TWh25
TWh,TWh37
TWh,TWh41
TWh,TWh45
TWh,TWh50
TYg,TYg8
TYg,TYg12
TYg,TYg17
TYg,TYg18
TYg,TYg20
TYg,TYg21
TYg,TYg25
TYg,TYg40
TyK,TyK10
TyN,TyN10
TZz,TZz10
UbR,UbR10
UEd,UEd10
UEd,UEd20
UEd,UEd25
UgF,UgF12
UlG,UlG3
UlG,UlG10
UlG,UlG22
UlO,UlO10
UlO,UlO12
UlO,UlO17
UlO,UlO20
UlO,UlO25
Upr,Upr2
UrG,UrG10
USt,USt10
VAr,VAr10
VCH,VCH10
VBe,VBe10
VCy,VCy10
VeS,VeS10
VeS,VeS30
VeZ,VeZ10
VDa,VDa10
VdS,VdS2
VdS,VdS4
VdS,VdS5
VdS,VdS6
VdS,VdS7
VdS,VdS8
VdS,VdS13
VdS,VdS15
VdS,VdS17
VdS,VdS21
VdS,VdS24
VF,VF19
VF,VF23
VF,VF25
VF,VF31
VF,VF33
VF,VF36
VF,VF37
VF,VF38
VF,VF39
VF,VF41
VF,VF43
VF,VF44
VF,VF45
VF,VF46
VF,VF47
VF,VF48
VFu,VFu10
VGa,VGa10
VGa,VGa12
VGl,VGl10
VGu,VGu19
VGu,VGu23
VGu,VGu25
VGu,VGu34
VGu,VGu36
VGu,VGu40
VHa,VHa10
ViH,ViH20
ViS,ViS5
ViS,ViS58
ViS,ViS81
ViS,ViS83
ViS,ViS84
ViS,ViS86
ViW,ViW1
ViW,ViW10
ViW,ViW15
VJD,VJD1
VJD,VJD2
VKo,VKo13
VlM,VlM10
VLo,VLo50
VM,VM1
VM,VM4
VM,VM5
VM,VM7
VM,VM8
VM,VM8not
VM,Vm9
VM,VM10
VM,VM11
VM,VM13
VM,VM19
VM,VM21
VM,VM22
VM,VM32
VM,VM33
VME,VME8
VME,VME9
VME,VME11
VME,VME13
VME,VME14
VME,VME15
VME,VME18
VME,VME20
VME,VME35
VME,VME40
VNa,VNa10
VNf,VNf10
VNu,VNu10
VNu,VNu15
VoS,VoS20
VoS,VoS32
VoS,VoS40
VoS,VoS42
VoS,VoS48
VoS,VoS49
VrM,VrM40
VrM,VrM42
VrS,VrS20
VrS,VrS24
VrS,VrS25
VrS,VrS28
VSa,VSa10
VSa,VSa18
VSh,VSh7
VSh,VSh9
VSh,VSh10
VSh,VSh15
VSh,VSh23
VSh,VSh25
VSh,VSh27
VSj,VSj1
VSj,VSj5
VSj,VSj6
VSj,VSj7
VSj,VSj8
vSM,vSM10
VsP,VsP10
VSt,VSt10
VtH,VtH10
VtH,VtH23
VyK,VyK10
VyK,VyK15
VZg,VZg10
W,W25
W,W30
W,W38
W,W40
W,W41
W,W50
W,W55
W,W56
W,W60
W,W66
W,W70
W,W73
W,W74
W,W75
W,W77
W,W78
W,W82
W,W83
W,W85
W,W98
W,W100
WA,WA1
WA,WA2
WA,WA3
WA,WA4
WA,WA5
WA,WA6
WA,WA7
WA,WA8
WA,WA9
WA,WA10
WA,WA11
WA,WA12
WA,WA13
WA,WA14
WA,WA15
WA,WA16
WA,WA17
WA,WA18
WA,WA19
WA,WA20
WA,WA21
WA,WA22
WA,WA23
WA,WA25
WA,WA26
WA,WA27
WA,WA28
WA,WA29
WA,WA30
WaB,WaB10
WaF,WaF10
WaF,WaF15
WaF,WaF20
WaF,WaF25
WaF,WaF40
WaF,WaF48
WAr,WAr40
WAr,WAr42
WAr,WAr44
WAr,WAr46
WAr,WAr50
WAS,WAS77
WAS,WAS80
WAS,WAS82
WAS,WAS83
WAS,WAS85
WAS,WAS95
WAS,WAS100
WAS,WAS112
WAS,WAS115
WAS,WAS125
WAS,WAS130
WaW,WaW3
WaW,Waw4
WaW,WaW5
WaW,WaW10
WaW,WaW13
WaW,WaW14
WaW,WaW15
WaW,WaW16
WaW,WaW20
WBe,WBe1
WBe,WBe2
WBe,WBe10
WBe,WBe15
WBo,WBo10
WBz,WBz13
WCl,WCl19
WCM,WCM2
WCM,WCM6
WCM,WCM22
WCM,WCM32
WCo,WCo10
WCr,WCr4
WCr,WCr5
WCr,WCr6
WCr,WCr10
WCr,WCr15
WCr,WCr20
WCr,WCr22
WCr,WCr40
WCr,WCr42
WCr,WCr44
WCr,WCr46
WCr,WCr48
WCr,WCr49
WD,WD102
WDM,WDM3
WDM,WDM5
WDT,WDT10
WDT,WDT19
WDT,WDT27
WeA,WeA10
WEd,WEd10
WFo,WFo10
WFo,WFo15
WFr,WFr10
WFr,WFr11
WFr,WFr12
WFr,WFr13
WFr,WFr14
WFr,WFr35
WFr,WFr36
WFr,WFr38
WFr,WFr39
WFr,WFr42
WFr,WFr45
WFr,WFr60
WFr,WFr70
WFr,WFr75
WFr,WFr79
WFx,WFx10
WGi,WGi5
WGi,WGi10
WGi,WGi15
WGo,WGo10
WGr,WGr10
WGr,WGr50
WHa,WHa8
WHB,WHB10
WH,WH3
WH,WH5
WH,WH9
WH,WH30
WH,WH38
WHj,WHj1
WKH,WKH44
WHl,WHl1
WHl,WHl2
WHl,WHl4
WHl,WHl6
WHl,WHl8
WHl,WHl10
WHl,WHl15
WHl,WHl20
WHl,WHl30
WHl,WHl32
WhR,WhR10
WhS,WhS1
WhS,WhS3
WhS,WhS5
WHu,Whu1
WHu,WHu7
WHu,WHu10
WHu,WHu14
WHu,WHu17
WHu,WHu27
WHu,Whu29
WHW,WHW10
WiB,WiB25
WiB,WiB100
WiB,WiB180
WiB,WiB183
WiB,WiB186
WiB,WiB190
WiB,WiB199
WiC,WiC30
WiC,WiC50
WiC,WiC51
WiC,WiC55
WiC,WiC60
WiC,WiC70
WiC,WiC90
WiD,WiD10
WiD,WiD20
WiF,WiF10
WiG,WiG10
WiG,WiG15
WiH,WiH10
WiW,WiW1
WiW,WiW4
WiW,WiW9
WiW,WiW12
WiW,WiW20
WiW,WiW25
WiW,WiW27
WiW,WiW29
WiW,WiW30
WjH,WjH10
WKD,WKD50
WKH,WKH14
WKH,WKH35
WKH,WKH45
WKH,WKH50
WKH,WKH52
WKl,WKl10
WKl,WKl30
WKl,WKl40
WKl,WKl41
WLa,WLa14
WLa,WLa18
WLa,WLa19
WLa,WLa20
WLa,WLa21
WLa,WLa22
WLa,WLa23
WLa,WLa24
WLa,WLa27
WLa,WLa28
WLa,WLa36
WLa,WLa38
WLa,WLa41
WLa,WLa42
WLa,WLa43
WLa,WLa45
WLa,WLa50
WlB,WlB10
WlB,WlB12
WlB,WlB14
WlB,WlB20
WlC,WlC10
WlD,WlD3
WlD,WlD5
WlD,WlD6
WlD,WlD7
WlD,WlD8
WlD,WlD9
WlD,WlD10
WlD,WlD15
WlD,WlD18
WlD,WlD19
WlD,WlD20
WlD,WlD24
WlD,WlD29
WlD,WlD33
WlD,WlD34
WlD,WlD35
WlD,WlD36
WlD,WlD37
WlD,WlD38
WlD,WlD39
WlD,WlD42
WlD,WlD43
WlD,WlD45
WlD,WlD49
WlD,WlD51
WlD,WlD53
WlD,WlD58
WlD,WlD61
WlD,WlD65
WLe,WLe10
WlF,WlF10
WlH,WlH10
WlJ,WlJ12
WlM,WlM10
WlN,WlN10
WlN,WlN12
WLu,WLu10
WLW,WLW10
WLW,WLW15
WMa,WMa3
WMG,WMG10
WmH,WmH10
WMi,WMi25
WmK,WmK8
WmK,WmK14
WmK,WmK15
WmK,WmK16
WmK,WmK18
WmK,WmK25
WmK,WmK27
WmK,Wmk28
WmK,WmK30
WmK,Wmk31
WmN,WmN10
WoP,WoP10
WoP,WoP12
WoP,WoP14
WoP,WoP17
WoP,WoP18
WoP,WoP20
WoP,WoP22
WoP,WoP25
WoP,WoP26
WoR,WoR20
WoR,WoR25
WPr,WPr10
WR,WR31
WR,WR40
WR,WR42
WR,WR72
WR,WR80
WR,WR86
WR,WR112
WR,WR120
WRe,WRe10
WRe,WRe20
WRe,WRe25
WRe,WRe35
WRe,WRe38
WRe,WRe40
WRh,WRh10
WRi,WRi10
WRi,WRi20
WS,WS1
WS,WS4
WS,WS5
WS,WS6
WS,WS7
WS,WS8
WS,WS35
WS,WS41
WS,WS42
WS,WS43
WS,WS45
WSa,WSa5
WSa,WSa10
WSh,WSh1
WSt,WSt10
WTa,WTa10
WTa,WTa20
WTh,WTh3
WTh,WTh5
WTh,WTh10
WTh,WTh18
WTh,WTh19
WTh,WTh23
WTN,WTN10
WTN,WTN12
WTy,WTy10
WvD,WvD34
WvD,WvD35
WvD,WvD36
WvD,WvD43
WvD,WvD49
WvD,WvD50
WvD,WvD51
WvD,WvD53
WvD,WvD54
WvD,WvD56
WvD,WvD57
WvD,WvD58
WvD,WvD60
WvD,WvD64
WvD,WvD65
WvD,WvD67
WvD,WvD69
WvD,WvD70
WvD,WvD72
WvD,WvD75
WvD,WvD76
WvD,WvD79
WW,WW12
WW,WW23
WW,WW30
WW,WW41
WW,WW42
WW,WW43
WW,WW44
WW,WW45
WW,WW46
WW,WW47
WW,WW48
WW,WW54
WW,WW63
WW,WW64
WW,WW65
WW,WW66
WW,WW67
WW,WW68
WW,WW73
WW,WW77
WW,WW80
WW,WW81
WW,WW82
WW,WW83
WW,WW84
WW,WW85
WW,WW87
WWo,WWo10
WWh,WWh50
WWh,WWh80
WWi,WWi10
WWn,WWn10
WWn,WWn12
WWn,WWn30
WWn,WWn35
WWn,WWn80
WWn,WWn100
WWn,WWn101
WWn,WWn200
WWn,WWn205
xAb,xAb1
XaK,XaK10
xAx,xAx10
xBa,xBa10
xCa,xCa10
xCh,xCh10
xCm,xCm10
xCm,xCm20
xCo,xCo10
xDB,xDB1
xDe,xDe10
xdH,xdH10
xDr,xDr10
xDt,xDt10
xDv,xDv10
xEn,xEn10
xFl,xFl10
xFr,xFr10
xGa,xGa10
xGc,xGc10
xGr,xGr10
xHe,xHe10
xHu,xHu10
xMa,xMa10
xMb,xMb10
xMe,xMe10
xNa,xNa10
xOz,xOz10
xPe,xPe10
xPe,xPe20
xPr,xPr10
xQu,xQu15
xRi,xRi10
xSa,xSa10
xSc,xSc10
xSe,xSe10
xSt,xSt10
xSx,xSx10
DSz,DSz10
DSz,DSz12
xWi,xWi1
xTo,xTo10
xTu,xTu10
xUc,xUc10
XWZ,XWZ15
xYa,xYa10
Yal,YAl10
yAn,yAn10
YaY,YaY5
YaY,YaY10
YlG,YlG10
YLM,YLM10
YMi,YMi10
YMZ,YMZ0
YMZ,YMZ20
YMZ,YMZ22
YMZ,YMZ24
YMZ,YMZ26
YoM,YoM10
YoT,YoT10
YOz,YOz12
YOz,YOz15
YOz,YOz16
YOz,YOz20
YOz,YOz55
YOz,YOz65
YOz,YOz75
YRu,YRu10
YSt,YSt10
YSt,YSt12
YuB,YuB10
YuB,YuB14
YvA,YvA10
YvA,YvA13
YvR,YvR3
YvR,YvR6
YvR,YvR10
YvR,YvR15
YvR,YvR16
YYa,YYa1
YYa,YYa10
YYa,YYa11
YYa,YYa60
YYa,YYa62
YYa,YYa78
YZh,YZh14
YZh,YZh16
ZK,ZK2
ZK,ZK3
ZK,ZK4
ZK,ZK5
ZK,ZK7
ZlK,ZlK10
Z02,Z0210
Z02,Z0220
Z02,Z0230
Z02,Z0240
Z02,Z0250
Z02,Z0260
Z02,Z0270
Z03,Z0310
Z03,Z0320
Z04,Z0401
Z04,Z0402
Z04,Z0405
Z04,Z0406
Z04,Z0407
Z04,Z0408
Z04,Z0409
Z04,Z0410
Z04,Z0411
Z04,Z0412
Z04,Z0414
Z04,Z0417
Z04,Z0418
Z04,Z0427
Z04,Z0429
Z09,Z0910
Z11,Z1110
Z11,Z1120
Z12,Z1220
Z12,Z1230
Z15,Z1512
Z15,Z1514
Z15,Z1516
Z15,Z1518
Z15,Z1520
Z15,Z1522
Z15,Z1524
Z15,Z1526
Z15,Z1528
Z15,Z1530
Z15,Z1532
Z15,Z1536
Z15,Z1538
Z15,Z1540
Z15,Z1542
Z15,Z1544
Z15,Z1546
Z15,Z1548
Z15,Z1550
Z15,Z1552
Z15,Z1554
Z15,Z1556
Z15,Z1558
Z15,Z1560
Z15,Z1562
Z15,Z1564
Z15,Z1566
Z15,Z1568
Z15,Z1570
Z15,Z1572
Z15,Z1576
Z15,Z1578
Z15,Z1580
Z18,Z1811
Z18,Z1812
Z18,Z1813
Z21,Z2110
Z30,Z3010
Z30,Z3011
Z34,Z3410
Z34,Z3411
Z34,Z3412
Z34,Z3414
Z39,Z3910
Z41,Z4102
Z41,Z4104
Z42,Z4210
Z42,Z4220
Z42,Z4222
Z42,Z4225
Z42,Z4230
Z42,Z4240
Z42,Z4250
Z43,Z4310
Z47,Z4710
Z48,Z4810
Z48,Z4815
Z49,Z4910
Z49,Z4911
Z49,Z4914
Z49,Z4915
Z49,Z4917
Z49,Z4920
Z50,Z5020
Z51,Z5110
Z51,Z5115
Z54,Z5410
Z54,Z5420
Z54,Z5430
Z54,Z5440
Z54,Z5450
Z54,Z5460
Z54,Z5470
Z54,Z5480
Z54,Z5490
Z54,Z54100
Z54,Z54105
Z54,Z54110
Z55,Z5510
Z55,Z5512
Z56,Z5630
Z57,Z5710
Z57,Z5730
Z57,Z5735
Z65,Z6510
Z66,Z6620
Z66,Z6625
Z66,Z6640
Z66,Z6650
Z66,Z6660
Z74,Z7410
Z78,Z7840
Z86,Z8610
Z86,Z8630
Z87,Z8720
Z88,Z8820
Z88,Z8875
Z89,Z8910
Z89,Z8915
Z90,Z9020
Z90,Z9030
Z90,Z9040
Z90,Z9050
Z91,Z9110
Z91,Z9140
Z92,Z9210
Z92,Z9220
Z92,Z9230
Z92,Z9240
Z92,Z9250
Z92,Z9260
Z92,Z9270
Z93,Z9310
Z93,Z9320
Z93,Z9330
Z93,Z9340
Z93,Z9350
Z93,Z9365
Z94,Z9410
Z95,Z9510
Z95,Z9520
Z95,Z9530
Z95,Z9540
Z95,Z9550
Z95,Z9575
Z95,Z9577
Z95,Z9579
Z95,Z9580
Z95,Z9585
Z95,Z9595
Z96,Z9605
Z96,Z9610
Z96,Z9620
Z96,Z9630
Z96,Z9635
Z96,Z9640
Z96,Z9645
Z96,Z9650
Z96,Z9655
Z96,Z9661
Z96,Z9665
Z96,Z9667
Z96,Z9672
Z96,Z9676
Z96,Z9680
Z96,Z9685
Z96,Z9688
Z96,Z9689
Z96,Z9691
Z96,Z9693
Z96,Z9695
Z96,Z9696
Z96,Z9697
Z97,Z9735
Z97,Z9740
Z97,Z9750
Z97,Z9770
Z97,Z9780
Z97,Z9783
Z97,Z9790
Z97,Z9794
Z97,Z9795
Z98,Z9810
Z98,Z9820
Z98,Z9830
Z98,Z9840
Z98,Z9850
Z98,Z9865
Z98,Z9880
Z98,Z9890
Z98,Z9895
Zxx,Z9920
Zxx,Z9925
Zxx,Z9930
Zxx,Z9935
Zxx,Z9950
Zxx,Z9955
Zxx,Z9960
Zxx,Z9965
Zxx,Z9970
Zxx,Z9980